company_name,ticker,sector,industry,business_description,revenue_growth,profit_margin,ROE,ROA,debt_equity,PE,PB,market_cap,return_1y,return_3y,volatility,beta
Tata Consultancy Services,TCS.NS,Technology,Information Technology Services,"Tata Consultancy Services Limited provides information technology (IT) and IT enabled services. It offers TCS ADD, a suite of AI powered life sciences platforms; TCS BaNCS, a financial services platform; TCS BFSI Platforms, a cloud-native, subscription-based as-a-service digital ecosystem for insurers and financial firms; TCS Chroma, a cloud-based AI-led hire-to-retire modular platform; TCS Customer Intelligence & Insights, an AI-powered, real-time customer data analytics solution; TCS ERP on Cloud, SAP transformation with AI-powered smart solutions; ignio, a cognitive automation software product; TCS iON, a learning ecosystem; and TCS HOBS, a cloud-native, catalog-centric platform with composable architecture and insights-led personalization capabilities. It also offers TCS Intelligent Urban Exchange for enterprises and smart cities; TCS OmniStore, a retail commerce platform; TCS Optumera, a strategic intelligence platform; TCS Tap, a platform for intelligent procurement; Quartz, a distributed ledger technology; TCS TwinX, a risk-free experimentation platform; TCS MasterCraft, an AI-driven cognitive automation product; Jile, an enterprise agile planning and delivery tool; TCS DigiBOLT, an end-to-end, organization-wide enterprise platform; and TCS AI WisdomNext, an enterprise grade GenAI platform. In addition, the company provides AI, data and analytics, cloud, cognitive business, consulting, cybersecurity, enterprise solutions, industrial autonomy and engineering, network solutions and services, TCS interactive, and sustainability services. It serves banking; capital markets; consumer packaged goods and distribution; communications, media, and information services; education; energy, resources, and utilities; healthcare; high tech; insurance; life sciences; manufacturing; public services; retail; and travel and logistics industries. The company was founded in 1968 and is based in Mumbai, India. The company operates as a subsidiary of Tata Sons Private Limited.",0.139,0.18052,0.47743,0.24479,10.211,15.151735,6.8709693,7532857786368,-0.2668,-0.3615,0.2357,0.166
Infosys,INFY.NS,Technology,Information Technology Services,"Infosys Limited provides consulting, technology, outsourcing, and digital services worldwide. The company offers insight services, such as applied and generative AI, sustainability services, and Infosys Topaz, an AI-first set of services, solutions, and platforms; blockchain, Internet of Things, and engineering services; cybersecurity and quality engineering services; and enterprise agile DevOps, API economy and microservices, application modernization, and digital process automation. It also provides digital supply chain, Microsoft business application services, Microsoft cloud business, Oracle, SAP, service experience transformation, Salesforce, energy transition, network transformation services, infrastructure services, global capability center, and Infosys Cobalt, a suite of services, solutions, and platforms. In addition, the company offers experience services, including digital marketing, digital commerce, digital interactions, digital workplace services, digital experience, metaverse, and Infosys Aster, a marketing suite; and EdgeVerve, Infosys Finacle, Infosys Live Enterprise Suite, Infosys Cortex, Infosys Meridian, Panaya, Infosys Equinox, Infosys Topaz Fabric, Infosys Wingspan, Infosys Helix, and Infosys Polycloud platforms. It serves aerospace and defense, agriculture, automotive, chemical manufacturing, communication services, consumer packaged goods, education, engineering procurement and construction, financial services, oil and gas, private equity, professional services, public sector, healthcare, high technology, industrial manufacturing, information services and publishing, insurance, life sciences, logistics and distribution, media, entertainment, mining, retail, semiconductor, travel and hospitality, utilities, and waste management industries. The company was formerly known as Infosys Technologies Limited and changed its name to Infosys Limited in June 2011. Infosys Limited was incorporated in 1981 and is headquartered in Bengaluru, India.",0.029,0.16370001,0.32,0.15297,9.541,13.088198,4.389509,4051153715200,-0.3013,-0.2542,0.2615,0.108
Wipro,WIPRO.NS,Technology,Information Technology Services,"Wipro Limited operates as an information technology (IT), consulting, and business process services company worldwide. It operates through IT Services and IT Products segments. The IT Services segment offers AI-powered IT and IT-enabled services, including digital strategy advisory, customer-centric design, technology and IT consulting, custom application design, development, re-engineering and maintenance, systems integration, package implementation, cloud and infrastructure, business process, cloud, mobility and analytics, research and development, and hardware and software design services to enterprises. It serves customers in various industry sectors, such as communications, media and information services, software and gaming, new age technology, consumer goods, healthcare, medical devices and life sciences, and technology products and services, as well as banking and financial services, energy, manufacturing and resources, capital markets and insurance, and hi-tech. The IT Products segment provides a range of third-party IT products, including enterprise platforms, networking solutions, software and data storage products, contact center infrastructure, enterprise security, IT optimization technologies, video solutions, and end-user computing solutions. It serves enterprises in various industries primarily in the Indian market, such as government, defense, IT and IT-enabled services, telecommunications, manufacturing, utilities, education, and financial services sectors. The company has a strategic alliance with the Indian Institute of Science and the Foundation for Science Innovation and Development to collaborate on research and innovation across frontier technologies. The company was incorporated in 1945 and is based in Bengaluru, India.",0.106,0.13919,0.16128999,0.07263,27.398,13.007138,2.094229,1622705700864,-0.2968,-0.1434,0.2661,0.393
HCL Technologies,HCLTECH.NS,Technology,Information Technology Services,"HCL Technologies Limited provides IT and business services, engineering, research and development services, software products, and IP-led offerings. It operates through IT and Business Services, Engineering and R&D Services, and HCL Software segments. The company provides application development, management, modernization, and testing services, as well as commercial applications; automation services, including digital integration, business process management, robotic process automation for intelligent automation, and low and no-code services; digital process operations; and data and AI services that consist of strategy and advisory, modernize data, simplify insights, and scale AI. It also offers commercial applications for sales, accounting, finance, HR, inventory, and manufacturing operations; cybersecurity services; systems engineering, simulation process and data management, manufacturing engineering, supplier collaboration, and digital thread and twin; HCLTech Career Shaper, a learning and assessment platform; and HCLTech Pulse, a unit focused on helping enterprise for AI transformation. In addition, the company provides cloud engineering, digital platform engineering, digital commerce and manufacturing, silicon platform solutions, 5G engineering, SemiCloud, and AITech services; and IT enablement and service desk, unified communication and collaboration, workplace assessment and automation, mobility, and cloud office services. Further, it offers intelligent operations, internet of things, marketing services, operational technology, product engineering, supply chain, unified service management, and enterprise network solutions. The company has a strategic partnership with Cisco Systems, Inc. to launch a Fluid Contact Center solution that features AI and cloud-enabled capabilities to help enterprises transform customer engagement. The company was founded in 1976 and is headquartered in Noida, India.",0.03,0.12966,0.24067,0.13305001,7.058,19.341944,4.6117897,3403854381056,-0.0764,0.1208,0.2601,0.001
Tech Mahindra,TECHM.NS,Technology,Information Technology Services,"Tech Mahindra Limited provides information technology services and solutions in India, the Americas, Europe, and internationally. The company offers TechM AppGinieZ, a software development lifecycle acceleration platform; Swifter.io, a software engineering platform; ADMSNXT Reforge, an application modernization platform; Autonomous Operations Center, an AI-powered operations platform; and New Age Delivery Platform for DevSecOps and engineering. It also provides LitmusT, a quality engineering and intelligent testing platform; TechM Orion, an agentic AI platform; Ops amplifAler 4.0 for IT operations; Email amplifAler for visualization and automation; SDLC amplifAler solutions; Zone insights solutions for monitoring of object movement; synthetic data generation, freightwatch solutions, cognitive process monitoring, and guardrails framework for AI; VerifAI for scaling AI; and MobiLytix for marketers. In addition, the company offers netOps.ai, an automated cloud platform; AftEAZE solution for warranty and aftermarket problems; AI maturity assessment, generative AI studio, and generative AI performance monitoring; Vision amplifAler, a vision-based solution; Document amplifAler, a digital assistant; and AI-led care, forecasting workbench, AI store, AI adoption, AIOps solution suite, intelligent asset inspection platform, and legal artificial assistant. Further, the company provides business process services, such as consulting CoE and business-process-as-services; Navixus, a digital transformation suite; Cloud and infrastructure services, including enterprise mainframe, FLEX digital workplace, data center services, and CLOUDNXT.NOW, a cloud service; and digital enterprise applications comprising SAP, Oracle, Salesforce, ServiceNow, enterprise digital solutions, digital process solutions, and Emerging Apps. Additionally, it offers engineering, experience, network, and testing services. The company was incorporated in 1986 and is based in Pune, India.",0.177,0.086780004,NA,NA,7.269,26.666668,4.629076,1371409481728,0.1112,0.3063,0.2622,0.158
L&T Technology Services,LTTS.NS,Technology,Information Technology Services,"L&T Technology Services Limited operates as an engineering research and development services company in India, North America, Europe, and other international markets. The company operates through three segments: Mobility, Sustainability, and Tech. It provides digital engineering and consulting services such as artificial intelligence, cybersecurity, industry 4.0 consulting, product consulting, sustainability engineering, 5G, and smart solutions. It provides engineering services which include computer-aided engineering, computational fluid dynamics, CAx automation, DevOps, engineering and manufacturing analytics, lab services, product testing and validation, VLSI design, voice solutions, user experience, sustenance and maintenance, embedded systems, and cloud and software engineering. In addition, the company offers manufacturing engineering services, including operations support, supply chain solutions, digital factory and simulation, manufacturing automation, new product development, PLM on cloud, plant design, materials management, and sourcing and procurement services. Further, it delivers plant engineering services such as CAPEX project services, plant management, operational support, regulatory compliance, and procurement solutions. L&T Technology Services Limited serves industries including automotive, aerospace, rail transportation, commercial, recreational and off-highway vehicles, industrial products, process manufacturing, hi-tech, medical technology, public infrastructure, smart cities, and software platforms. Additionally, the company has strategic collaboration with Thyssenkrupp Steering and ASSAI Software Services. The company was formerly known as L&T Integrated Engineering Services Limited and changed its name to L&T Technology Services Limited in September 2012. The company was incorporated in 2012 and is headquartered in Vadodara, India. L&T Technology Services Limited operates as a subsidiary of Larsen & Toubro Limited.",0.026,0.11684,NA,NA,8.911,26.571358,5.250367,340123222016,-0.2208,-0.2943,0.3097,0.155
Mphasis,MPHASIS.NS,Technology,Information Technology Services,"Mphasis Limited, together with its subsidiaries, operates as an information technology solutions provider that specializes in cloud and cognitive services in the United States, India, Europe, the Middle East, Africa, and internationally. The company operates through Banking and Financial Services; Logistics and Transportation; Technology Media and Telecom; Insurance; and Others segments. The company offers application, blockchain, business process, cognitive, cyber security, DevOps, AI, digital, enterprise automation, experience design, infrastructure, modernization, data, IT operations, product engineering, salesforce consulting, and cloud; governance, risk, and compliance; GCP, AWS, Azure, and VmwareTanzu services; and platform and protocols services under the Mphasis XaaP. It serves the banking and capital markets comprising asset management, corporate and investment banking, retail banking, wealth management and brokerage, and mortgage industries; and insurance, payment, financial supply chain, hospitality, travel and transportation, healthcare, life sciences, oil and gas, public, hi-tech, communications, energy and utilities, logistics, and manufacturing sectors. Mphasis Limited was incorporated in 1992 and is based in Bengaluru, India.",0.175,0.115559995,0.17743999,0.09043,24.675,22.472588,3.760582,426285301760,-0.1559,-0.0414,0.3081,0.489
Persistent Systems,PERSISTENT.NS,Technology,Information Technology Services,"Persistent Systems Limited provides software products, services, and technology solutions in India, North America, and internationally. It operates through Banking, Financial Services and Insurance (BFSI); Healthcare & Life Sciences; and Technology Companies and Emerging Verticals segments. The company provides Persistent GenAI Hub, a generative artificial intelligence (AI) solution; consulting services for business strategy and transformation; software engineering services to architect, design, develop, and manage software product lifecycle; and CX transformation solutions, such as CX strategy, Salesforce cloud implementation, CX platform integration, customer analytics and insights, and Salesforce industry solutions and accelerators. It also offers hybrid and multi-cloud transformation, data center modernization, persistent intelligent IT operations, cloud advisory, service management, service desk, digital workplace, and management and sustenance services, as well as CloudOps, a multi-cloud intelligent operations framework; business process management, robotic process automation, low code application development, and conversational AI solutions; and application modernization, maintenance and support, portfolio rationalization, application, and platform development solutions. It serves customers in the banking, financial services, insurance, healthcare, life sciences, consumer tech, industrial, software and hi-tech, and telecom and media sectors. The company has a research collaboration with the Indian Institute of Management Ahmedabad to introduce the 'AI Value compass to bring discipline and measurable outcomes to enterprise AI investments. Persistent Systems Limited was incorporated in 1990 and is based in Pune, India.",0.291,0.12236,0.25203,0.14809,6.94,43.10359,9.982514,839273152512,0.0603,0.8504,0.3434,0.079
Coforge,COFORGE.NS,Technology,Information Technology Services,"Coforge Limited provides information technology (IT) and IT-enabled services in India, the Americas, Europe, the Middle East and Africa, Latin America, and the Asia Pacific. The company offers Artificial intelligence services and platforms; and AI (artificial intelligence) and ML (machine learning) services, including predictive analytics, model risk management, and recommendation engine; intelligent automation solutions, such as enterprise and intelligent process automation, and smart application; data analytics solutions, such as data migration, cloud data engineering, master and meta data management, data quality management, data governance, self-service BI, descriptive and customer analytics, and workforce analytics; process consulting services. It also provides engineering services, such as digital and product engineering, legacy modernization, agile transformation, and enterprise integration; quality engineering services, including enterprise package assurance, data and intelligence, digital quality engineering, quality engineering lifecycle automation, and advisory; and in application development and maintenance, managed services, cloud computing, and business process outsourcing services. Additionally, it offers vehicle software development, system architecture, integration, simulation and validation, OTA management, vehicle connectivity, mobile applications, edge-cloud technologies, V2X, navigation, and vehicle data platform services. It serves banking and financial, travel, transportation, hospitality, insurance, healthcare, life science, retail, consumer goods, public sector, technology, telecom, media, automotive, and energy. The company was formerly known as NIIT Technologies Limited and changed its name to Coforge Limited in August 2020. Coforge Limited was incorporated in 1992 and is based in Gautam Buddha Nagar, India.",0.499,0.0964,NA,NA,7.518,36.632442,6.2825084,790380937216,0.1289,0.7396,0.3612,0.314
Oracle Financial Services Software,OFSS.NS,Technology,Software - Infrastructure,"Oracle Financial Services Software Limited, together with its subsidiaries, provides information technology (IT) solutions to the financial services industry worldwide. It operates in two segments, Product Licenses and Related Activities; and IT Solutions and Consulting Services. The company offers Oracle FLEXCUBE; Oracle FLEXCUBE Investor Servicing; Oracle Banking Digital Experience; Oracle Financial Services Lending and Leasing; and Oracle Banking APIs. It also provides Oracle FLEXCUBE Universal Banking; Oracle Banking Platform; Oracle Banking Enterprise Limits and Collateral Management; Oracle FLEXCUBE for Islamic banking and microfinance; Oracle Banking Branch; Oracle Banking Origination; Oracle Banking Cash Management; Oracle Banking Liquidity Management; Oracle Banking Corporate Lending; Oracle Banking Supply Chain Finance; Oracle Banking Trade Finance; Oracle Banking Treasury Management; Oracle Banking Virtual Accounts Management; Oracle Banking Payments; and Oracle Banking Credit Facilities Process Management, as well as Asset Finance, Oracle Banking Collections and Recovery, and Oracle Documaker solutions. In addition, the company offers Oracle Financial Services Data Management Solutions, as well as cloud infrastructure, risk and finance, human capital management, and data management for financial services; and bancassurance solutions. Further, it provides a suite of industry applications catering to the areas of risk, finance, treasury, front office, regulatory reporting, and compliance; and Oracle Finergy that enables financial services enterprises to drive simplicity using technology, as well as consulting and business process services business. The company was incorporated in 1989 and is headquartered in Mumbai, India. Oracle Financial Services Software Limited operates as a subsidiary of Oracle Global (Mauritius) Limited.",0.687,0.38154,0.49897,0.30941,0.567,27.499043,13.53726,938088726528,0.2628,1.8976,0.3764,0.506
KPIT Technologies,KPITTECH.NS,Technology,Software - Application,"KPIT Technologies Limited provides embedded software, artificial intelligence, and digital solutions for the automobile and mobility sector in the Americas, the United Kingdom, rest of Europe, and internationally. The company offers autonomous driving and advanced driver assistance system solutions, including system engineering and functional safety; platform and software integration; integrated domain validation; ADAS features development, AI based perception and planning, and cloud and devOps; body electronics, high performance computer application and zonal ECUs and single function ECU; chassis; edge to cloud integration services, HW-SW disaggregation, and validation services; and charging platform, battery management system platform, AUTOSAR-compliant platform, FCEV solution, and vehicle control unit. It provides vehicle OS comprising E/E architecture, and middle development and integration services; cloud, edge analytics, and data management; and vehicle engineering and design. In addition, the company offers virtual engineering, integrated diagnostic and aftersales transformation, and validation. The company was formerly known as KPIT Engineering Limited and changed its name to KPIT Technologies Limited in March 2019. KPIT Technologies Limited was founded in 1990 and is headquartered in Pune, India.",0.089,0.08839,NA,NA,23.624,24.27103,3.9931731,141394837504,-0.5819,-0.4953,0.3845,-0.007
Zensar Technologies,ZENSARTECH.NS,Technology,Information Technology Services,"Zensar Technologies Limited, a digital solutions and technology services company, provides technology consulting and system integration services in India, the Americas, Europe, Africa, and internationally. It operates through Digital and Application Services, and Cloud Infrastructure Services segments. The company offers- AI/ML, data annotation, data engineering, visualization and analytics, Al foundry intelligence, physical Al foundry, accelerated generative Al, automation, responsible Al for Gen Al, data Al and offering, and Google GenAl products, as well as engineering and platforms, digital experience platforms, and cloud transformation and operations. It also provides data engineering and analytics services comprising accelerated gen AI, Google gen AI, data engineering, AI and machine learning, automation, and visualization and analytics; and application management, quality engineering, enterprise change management, Oracle, salesforce, SAP, and veeva services. In addition, the company offers cloud infrastructure and security solutions, such as cloud, hybrid infrastructure, digital workplace, enterprise system management, and security; AI solutions; and brand strategy and design, consulting, and marketing and insights solutions. It serves manufacturing, retail, media, technology and telecom, consumer service, banking and financial service, insurance, healthcare and life sciences, public sector, and utilities industries. Zensar Technologies Limited was formerly known as Fujitsu ICIM Limited and changed its name to Zensar Technologies Limited in August 2001. Zensar Technologies Limited was incorporated in 1963 and is headquartered in Pune, India.",0.089,0.13362001,NA,NA,1.68,12.515108,2.0891678,98635079680,-0.4433,-0.1331,0.389,0.206
Sonata Software,SONATSOFTW.NS,Technology,Information Technology Services,"Sonata Software Limited, together with its subsidiaries, provides information technology services and solutions in the United States, the United Kingdom, Ireland, rest of Europe, Australia, New Zealand, the Middle East, and the Asia Pacific. The company offers application management, cybersecurity, digital contact centre, and global capability center solutions; and product engineering, quality assurance, salesforce implementation, and SAP modernization services, as well as Optima, a software testing solution. It also provides artificial intelligence (AI), such as agentic and generative AI solutions; cloud modernization solutions, including AWS, Azure, Cloud Labs, and GCP; customer experience (CX) solutions comprising SAP and Sonata CX; data modernization solutions consisting of data privacy, enterprise data portfolio, Microsoft fabric, and Snowflake; .NET upgrades; dynamics modernization solutions, such as AI-led D365 transformation, continuous modernization, D365 customer experience, Microsoft power platform, and migration; blockchain solutions; and hyper automation solutions, including digital assurance, finance processes automation, HR process automation, robotic process automation (RPA), RPA migration factory, and SCM process automation. In addition, the company offers managed cloud and infrastructure, AI-driven quality engineering, and technology consulting services. It serves banking, mortgage, lending, insurance, healthcare, life sciences, hi-tech, manufacturing, and retail sectors. The company was founded in 1986 and is headquartered in Bengaluru, India.",0.106,0.04205,NA,NA,37.962,17.18232,4.067723,77474766848,-0.2525,-0.4698,0.4563,0.376
NIIT Ltd,NIITLTD.NS,Consumer Defensive,Education & Training Services,"NIIT Limited engages in providing learning and knowledge solutions to individuals, enterprises, and various institutions in India and internationally. The company offers a variety of training programs, certifications, and solutions for career seekers and working professionals. The company also offers a program portfolio such as AI/ML, generative AI, data science, full-stack product engineering, 5g, cloud technologies, cybersecurity, and game development, along with programs in digital marketing, business development, banking, insurance and finance, and virtual relationship management for digital enterprises. In addition, the company provides NIIT Digital, a platform that enables technology-enabled learning experiences for corporate and individual learners; the Institute of Finance Banking & Insurance (IFBI), a provider of learning services, including career-launch and career-advancement programs for professionals in the BFSI sector; StackRoute, a digital transformation partner for corporates to build multi-skilled full-stack professionals in advanced technologies; RPS Consulting, a provider of training programs on digital technologies; Talent Pipeline as a Service (TPaaS), helps organizations in hiring skilled talent; iamneo, an AI-powered SaaS platform that provides automated coding labs, assessments, placement automation, and talent acquisition solutions to university students and professionals; and NIIT Sales & Service Excellence (SSE) that helps organizations in creating robust talent ecosystem. The company was incorporated in 1981 and is based in Gurugram, India.",0.137,0.02238,NA,NA,0.65,132.08955,1.1419797,12123945984,-0.1626,-0.2206,0.5144,0.093
Birlasoft,BSOFT.NS,Technology,Information Technology Services,"Birlasoft Limited provides software development and global IT consulting services in India, the Americas, Europe, the United Kingdom, and internationally. The company operates through Manufacturing; Banking, Financial Services and Insurance; Energy and Utilities; and Life Sciences segments. It offers digital solutions, including data analytics, connected products, intelligent automation, cloud, customer experience, enterprise integration, and generative AI; and enterprise technologies and services, such as customer relationship management, manufacturing execution systems, product lifecycle management, supply chain management, IT transformation, applications management, testing, and environmental, social and governance through Oracle and JD Edwards, SAP, Infor, Microsoft, and PTC, AWS, and google cloud technologies. The company also offers solutions, such as intelliBridge, a one-stop-shop platform for channel partners to provide information on the OEMs/products; Birlasoft LynX, a GenAI-powered test automation platform; intelliOpen, an intelligent system for contactless screening of people, social distancing monitoring, and contact tracing; intelliAsset, a platform for asset visualization, analytics, and actions; TruView CLM, a cloud based contract lifecycle management solution; TruServ FSM, a cloud based touchless automation solution for field services; TruLens, a tool that provides insights into the existing Salesforce implementation; iLink, a PLM adapter for ERP systems; Akoya, an engineering analytics solution; Supplier Risk Radar, an AI-powered preventive risk mitigation solution; and Intelligent Document Intake. In addition, it offers cloud and infrastructure services, such as one cloud, service integration, anywhere workplace, and cyber security. The company was incorporated in 1990 and is based in Pune, India.",0.074,0.10601,NA,NA,3.422,13.607249,1.862322,76637265920,-0.2338,-0.4117,0.3506,0.369
Cyient,CYIENT.NS,Industrials,Conglomerates,"Cyient Limited provides geospatial, engineering design, manufacturing, networks and operations, data transformation, and analytic services in North America, Europe, Middle East, and the Asia Pacific. The company operates through three segments: Digital, Engineering & Technology; Design Led Manufacturing; and Others. The company offers digital thread; electrification and energy storage; autonomous systems; digital twin; product to platform engineering; data platforms and GenAI; Industry 4.0; industry AI advisor platform; Coddy, a legacy application migration; CYARC, a regulatory compliance watch for medical devices; CYFAST, for equipment testing and validation; CYIOPS, a power outage planning and scheduling platform; CYPRED forecast and prediction engine; CYTEXT that transforms PDFs and documents into searchable text; SmartHub, a field inspection and data capture; and CYXTRACT which extract, search, and analyze documents. It also provides manufacturing operations management solutions, including industrial automation, data engineering, operations management, asset operations, and manufacturing intelligence; FACTORYDTECT, Monitoring and predictive solutions; FACTORYPRO; DIGITAL DATA FOUNDATION data platform; ENERGYCARE, a platform to monitor, analyze, and balance energy usage; and ASSET TWIN that monito asset health and upcoming failure mode. In addition, the company offers Vismon, a suite of solutions that simplifies network management; and CyPlaNet which streamlines fiber optic networks. It serves aerospace and defense, rail transportation, automotive and mobility, mining, energy, utilities and spatial intelligence, communications, healthcare and life science, and semiconductor industries. Cyient Limited and Vodafone entered into an agreement and launched an AI-powered global network configuration management solution supported by data-driven, intelligent configuration analytics. Cyient Limited was incorporated in 1991 and is headquartered in Hyderabad, India.",0.213,0.04955,NA,NA,7.528,32.14034,2.128458,113960058880,-0.092,-0.3254,0.3713,0.657
Intellect Design Arena,INTELLECT.NS,Technology,Software - Application,"Intellect Design Arena Limited engages in the development, marketing, and sale of integrated banking software systems in India and internationally. It is also involved in supporting the implementation of the systems; and provides help desk support services to users of intellect software systems. In addition, the company provides software development services in the areas of wholesale banking comprising corporate core, commercial loan, payments, liquidity management, investments, virtual accounts, trade and supply chain finance, receivables and collections, treasury, corporate escrow deposits, and corporate banking exchange. Further, it offers consumer banking, including core banking, lending, cards, collection management, and digital engagement; wealth management; financial advisory, such as brokerage, custody, and transfer agency; insurance, such as magic submission, risk analyst, and underwriting; and bank treasury. The company develops IntellectAI's Purple Fabric an open business impact AI platform that delivers secure, decision-grade intelligence with measurable business impact; eMACH.ai, an composable and open finance platform which focuses on finance operations; iTurmeric, an integration and configuration platform; and Academic TeamSpace, an AI collaboration platform for the education sector. It serves retail and corporate customers, central banks, wealth managers, private bankers, card issuers, as well as capital market participants such as brokers, custodians, asset managers, insurance carriers, government enterprises, corporates and retail chains, and educational institutions. Intellect Design Arena Limited was incorporated in 2011 and is headquartered in Chennai, India.",0.204,0.11095,NA,NA,4.961,25.474848,2.7704473,88323702784,-0.3734,-0.1066,0.4265,0.632
Tata Elxsi,TATAELXSI.NS,Technology,Software - Application,"Tata Elxsi Limited provides product design and engineering, systems integration, and support services in India, the United States, Europe, and Internationally. The company operates through two segments, Systems Integration and Support, and Software Development and Services. It offers iCX, a SaaS-based solution for automating, monitoring, and managing CPEs; and AIVA, an AI-based video analytics platform that automates video tagging, object detection, content indexing, and metadata generation. It also provides QoEtient, a platform for video streaming services; TEPlay, an OTT/IPTV platform; Neuron, an autonomous network platform for telco operators; and uLike, a platform for AI-powered content recommendation engine. In addition, it offers TETHER, a cloud-based platform for vehicle connectivity; eMobility HILS, a scalable solution for validating electric vehicle systems; Robo-Taxi, a platform for autonomous ride-hailing; AVENIR, a platform for real-time data processing, validation, and integration for software defined vehicles; AutonomAI, an AI-driven platform for self-driving capabilities; and MOBIUS+, a blockchain-powered solution. Further, it provides TEDREG, a regulatory intelligence platform for compliance management; Digital Health Platform, a customizable platform for remote patient monitoring, virtual consultations, and personalized health insights; TEngage, a digital health platform for patient engagement tools with customizable workflows, interactive communication channels, and performance tracking dashboards; TEDAX Big Data, an AI-driven analytics platform; and TEcare, a care management platform for multi-channel support and care plan customization. It serves automotive, broadcast and media, communications, off-highway equipment, healthcare and life sciences, appliances and consumer electronics, rail, semiconductor, and aerospace industries. The company was incorporated in 1989 and is headquartered in Bengaluru, India.",0.145,0.1674,NA,NA,5.336,30.302366,6.5278172,198542458880,-0.406,-0.5442,0.305,0.308
HDFC Bank,HDFCBANK.NS,Financial Services,Banks - Regional,"HDFC Bank Limited provides banking and financial products and services to individuals and businesses in India, Bahrain, Hong Kong, Singapore, and Dubai. The company operates through Treasury, Retail Banking, Wholesale Banking, Other Banking Business, Insurance Business, and Other segments. It offers savings, salary, current, rural, public provident fund, pension, and demat accounts; fixed and recurring deposits; and safe deposit lockers, as well as offshore accounts and deposits, and overdrafts against fixed deposits. The company also provides personal, home, car and pre owned car, marriage, two-wheeler, business, doctor, educational, gold, consumer, and rural loans; loans against properties, securities, mutual funds, and car; loans for professionals; government sponsored programs; and loans on credit card, as well as working capital, term loans, supply chain management, project finance, export finance, commercial vehicle / equipment finance, tractor finance, infrastructure, and agriculture finance. In addition, it offers credit, debit, prepaid, forex, and kisan gold cards; payment and collection, export, import, remittance, bank guarantee, letter of credit, trade, hedging, and merchant and cash management services; and insurance and investment products. Further, the company provides short term finance, bill discounting, structured finance, export credit, loan repayment, custodial, and documents collection services; online, mobile, and phone banking services; unified payment interface, immediate payment, national electronic funds transfer, and real time gross settlement services; channel financing, vendor financing, money market, derivatives, employee trusts, cash surplus corporates, tax payment, and bankers to rights/public issue services; and financial solutions for supply chain partners and agricultural customers. It operates branches and automated teller machines in various cities/towns. The company was incorporated in 1994 and is headquartered in Mumbai, India.",0.166,0.26787,0.13838,0.0175,NA,15.922077,1.8678916,11341831077888,-0.2128,0.0036,0.2025,0.404
ICICI Bank,ICICIBANK.NS,Financial Services,Banks - Regional,"ICICI Bank Limited, together with its subsidiaries, engages in the provision of various banking and financial services to corporate and retail customers in India and internationally. The company operates through Retail Banking, Wholesale Banking, Treasury, Other Banking, Life Insurance, General Insurance, and Others segments. The company offers asset management, securities brokerage, private equity, foreign exchange, agricultural and rural banking, equities underwriting, depositary share accounts, consumer durable goods financing, corporate salary and current account, savings and sovereign gold bonds, insurance policies, public offerings, investment, credit and protection, retail inward remittances, certificates of deposits, and payment and transaction banking products and services. It is also involved in the fee and commission-based activities; distribution of financial products; venture capital and real estate fund management business; treasury and rural banking operations; financial solutions; working capital financing; I-Process services, mutual funds, investment banking, and pension funds; and advisory activities. In addition, the company provides savings, salary, capital gains scheme, Hindu undivided family savings, real estate regulatory authority, government e-marketplace, current, trade, escrow, and foreign currency accounts. Further, it offers personal, home, car, education, gold, automobile, and commercial business loans, as well as loans against time deposits, securities, and property; and working capital loans, as well as credit, debit, prepaid, travel, forex, commercial, and corporate cards. Additionally, the company provides fixed income products; investment products; payments; general, accident, life, health, vehicle, and travel insurance products; cash management and merchant services; capital market and securities market services; and forex, derivatives, bullion, and bonds. The company was founded in 1955 and is headquartered in Mumbai, India.",0.114,0.27531,0.16073999,0.021070002,NA,17.231169,2.5016167,9524314374144,-0.0275,0.422,0.19,0.26
State Bank of India,SBIN.NS,Financial Services,Banks - Regional,"State Bank of India provides banking products and services in India and internationally. The company operates through the Treasury, Corporate/Wholesale Banking, Retail Banking, and Other Banking Business segments. It offers personal banking products and services, including current, savings, salary, and deposit accounts; home, personal, pension, auto, education, and gold loans, as well as loans against insurance property, and securities; debit, business debit, prepaid, and green remit cards; overdrafts; mutual funds, insurance, equity trading, portfolio investment schemes, remittance services; digital lending; and mobile, internet, and digital banking services. The company also provides corporate banking products and services comprising corporate accounts, working capital and project finance, deferred payment guarantees, corporate term loans, structured finance, dealer and channel financing, equipment leasing, loan syndication, construction equipment loans, financing Indian firms' overseas subsidiaries or JVs, and cash management, as well as trade and service products. In addition, it offers NRI services, including accounts, investments, loans, and remittances; agricultural banking services; and international banking services. Further, it provides life and general insurance; estate planning services; merchant banking and advisory; securities broking; trusteeship service; factoring; payment solution; asset management; portfolio and investment management; credit cards; and custody and fund accounting services. State Bank of India was founded in 1806 and is headquartered in Mumbai, India.",0.103,0.22376,0.15177,0.01132,NA,10.460785,1.4589354,9073697226752,0.1621,0.7472,0.2453,0.386
Kotak Mahindra Bank,KOTAKBANK.NS,Financial Services,Banks - Regional,"Kotak Mahindra Bank Limited provides a range of banking and financial services to corporate and individual customers in India. It operates through Corporate/Wholesale Banking; Retail Banking; Treasury, BMU and Corporate Centre; Vehicle Financing; Other Lending Activities; Broking; Advisory and Transactional Services; Asset Management; and Insurance segments. The company offers savings, current, retail institution, corporate, private banking, and salary accounts; NRE and NRO fixed deposits and foreign currency nonresident deposits; home, personal, business, payday, gold, education, two-wheeler, commercial vehicle and equipment, working capital, home improvement, car, business, and crop loans, as well as loans against securities and properties; smart EMI services; bill payment, fund transfer, FASTag, taxes, loan/utility payment, forex, and remittance; and forex, credit, and debit card services. It also provides life, health, vehicle, travel, car, and two-wheeler insurance; domestic and international trade, international export and import, bank guarantee, letter of credit, and export credit; digital banking services; and cash management, trade and supply chain finance, trade services, corporate accounts, and sector based solutions. In addition, the company offers investment products, such as demat accounts, Government schemes, mutual funds, application supported by blocked amount facility, deposits, and portfolio investment schemes; and wire transfer, click2remit, and remittance exchange house services. Kotak Mahindra Bank Limited was incorporated in 1985 and is based in Mumbai, India.",0.21,0.28467,NA,NA,NA,19.794218,2.2173314,4018944081920,-0.0014,0.1394,0.2246,0.285
Axis Bank,AXISBANK.NS,Financial Services,Banks - Regional,"Axis Bank Limited provides various financial products and services in India and internationally. The company operates through four segments: Treasury, Retail Banking, Corporate/Wholesale Banking, and Other Banking Business. It provides fixed, recurring, and safe deposits; and saving, salary, current, safe custody, pension disbursement, and demat and trading accounts. The company also offers home, personal, car, two-wheeler, business, commercial vehicle construction equipment, education, gold loans, as well as loans against securities, fixed deposits, properties, and credit cards. In addition, it provides credit and debit cards; mutual funds; governmental investment products, such as public provident fund, floating rate saving bonds, and national pension system; digital gold and sovereign gold bonds; alternate investment products; insurance services, such as life, general, and health insurance; and various forex products and services. The company was formerly known as UTI Bank Limited and changed its name to Axis Bank Limited in July 2007. Axis Bank Limited was incorporated in 1993 and is headquartered in Mumbai, India.",0.14,0.36031,0.13352999,0.01535,NA,14.409996,1.7035818,3806032560128,0.0486,0.2025,0.2386,0.42
IndusInd Bank,INDUSINDBK.NS,Financial Services,Banks - Regional,"IndusInd Bank Limited provides various banking products and financial services to individuals, corporations, government entities, and public sector undertakings in India. It operates in four segments: Treasury, Corporate/Wholesale Banking, Retail Banking, and Other Banking Operations. The company offers savings, salary, current, and uniformed personnel accounts; fixed, recurring, auto sweep, senior citizen fixed, and term deposits; vehicle, used and new car, two wheeler, home, gold, agri, personal, medical equipment, term, business, and MSME loans; loans against property and securities; loans on credit card; and working capital, supply chain, and trade finance. It also provides debit, credit, prepaid, forex, duo, corporate, and business cards; life, health, and general insurance; foreign exchange services, including inward and outward remittances, and online forex portals; digital and WhatsApp banking; and national pension system, sovereign gold bonds, and government securities. In addition, the company offers mutual funds; bill payment; money transfer; NRI services; merchant solutions comprising POS terminal, payment gateway, digital rupee, and soundbox; transaction banking services, including trade finance, cash management, and tax payment; supply chain finance solutions, including supplier/vendor finance, channel finance, and receivable finance/factoring solutions; investment banking services consisting of debt syndication, debt and private equity fund-raising advisory, and M&A advisory; and inclusive banking. IndusInd Bank Limited was incorporated in 1994 and is headquartered in Mumbai, India.",0.01,0.076469995,NA,NA,NA,56.03194,1.0805598,710735822848,0.2334,-0.3597,0.3548,0.491
Bank of Baroda,BANKBARODA.NS,Financial Services,Banks - Regional,"Bank of Baroda Limited provides various banking products and services to individuals, government departments, and corporate customers in India and internationally. It operates through Treasury, Wholesale Banking, Retail Banking, and Other Banking Operations segments. The company offers savings, salary, and current accounts; and fixed and recurring deposits. It also provides loans, including home, vehicle, digital, personal, education, gold, mortgage, and other loans, as well as Baroda Yoddha loans for defense personnel and fintech credit; loans and advances for corporate, agriculture, and micro, small, and medium enterprises; export finance, foreign currency credits, foreign currency non-resident loans, treasury, external commercial borrowing, and import finance; and supply chain finance. In addition, the company offers life insurance, general insurance, and standalone health insurance products; digital payment, instant banking, and merchant payment solutions; debit, credit, and prepaid cards; investment products; trade, FX, and remittances; and other services. Bank of Baroda Limited was incorporated in 1908 and is headquartered in Vadodara, India.",0.18,0.27392,0.113170005,0.0093,NA,6.6702576,0.72169405,1216614629376,-0.0394,0.1879,0.3068,0.422
Punjab National Bank,PNB.NS,Financial Services,Banks - Regional,"Punjab National Bank provides various banking and financial products and services in India and internationally. The company operates through Treasury, Corporate/Wholesale Banking, Retail Banking, and Other Banking Operations segments. The company offers personal banking products and services, including saving fund accounts, current accounts, fixed deposit, and capital gain account and gold monetization schemes; and housing, vehicle, education, personal, gold, and mortgage and other loans. It also provides various micro, small, and medium enterprises schemes and loans; banking products for government customers; agricultural schemes and loans; corporate banking products and services consist of loans against future lease rentals, working capital financing, and term loans; EXIM finance and cash management services, as well as gold card schemes for exporters; and international banking products and services. In addition, the company offers life and general insurance services; depository, mutual funds, merchant banking, and application supported by blocked amount services; and NRI banking and services. Further, the company provides mobile and internet banking, UPI, SMS banking, missed call, e-statement, ATM, passbook updating machine, and electronic cheque deposit machine services; and point of sale (PoS) is the payment acceptance solutions, NFC-enabled terminals facilitating quick payments, as well as debit and credit cards. Punjab National Bank was incorporated in 1894 and is headquartered in New Delhi, India.",-0.064,0.38147,0.14965999,0.01131,NA,6.0951385,0.8570126,1340077113344,0.0771,0.5577,0.317,0.5
Canara Bank,CANBK.NS,Financial Services,Banks - Regional,"Canara Bank provides various banking products and services in India and internationally. The company offers deposits and accounts, such as savings accounts, current accounts, recurring deposits, and term deposits; unclaimed deposits; loan products, including home, vehicle, education, personal, mortgage, gold, MSME, agri, and solar loans; life, general, and health insurance products; corporate loans comprising working capital, infrastructure, and export finance products, as well as term loans; depository services, merchant banking, and online trading services; and mutual funds. The company also provides digital lending portal; mobile and internet banking; credit, debit, and prepaid cards; UPI and fastag; missed call banking; online account opening services; and payment solutions; NRI banking accounts; remittance facilities; attorneyship service; and nomination facility. In addition, it offers supply chain finance management; syndication services; IPO monitoring services; locker services; doorstep banking services; and consultancy services, which includes estate and wills, private and charitable religious trustee, debenture and security trusteeship, and attorney services. Further, the company offers government business products. Canara Bank was incorporated in 1906 and is headquartered in Bengaluru, India.",-0.129,0.43126,NA,NA,NA,5.704701,0.96321005,1133740687360,0.0581,0.8447,0.3144,0.498
IDFC First Bank,IDFCFIRSTB.NS,Financial Services,Banks - Regional,"IDFC First Bank Limited provides various banking and financial services in India. It operates through the Treasury, Corporate and Wholesale Banking, Retail Banking, and Other Banking Business segments. The company offers treasury and forex solutions, including correspondent banking, FX, cross-border swift, government bonds and strips, liberalized remittance scheme, and external commercial borrowing solutions, as well as treasury solutions comprising forwards, options, and swaps. It also provides retail lending solutions, such as home loans, vehicle loans, consumer loans, education loans, personal loans, used car loans, gold loans, rural finance, and tractor finance; SME lending solutions that consist of loan against property, business banking, working capital loans, commercial vehicle loans, micro enterprise loans, trade advance, and startup banking; CASA and fixed deposits, which include current accounts, savings accounts, fixed deposits, nostro/vostro accounts, overdrafts, corporate salary accounts, accounts for ONDC, and escrow account; and NRI Banking that comprises NRE accounts, NRO accounts, seafarer accounts, FCNR deposits, and NRE/NRO deposits. In addition, the company offers wealth management and distribution solutions, including distribution of life insurance, general insurance, credit shield, health insurance, mutual funds, and AIFs; credit cards; and FASTag, such as tag issuer, toll acquirer, toll, parking, and fuel solutions. Further, it provides trade finance solutions that consist of letters of credit and discounting, bank guarantee, buyer's credit/SBLC, parking credit in foreign currency and INR, remittances, and pre and post shipment finance; supply chain financing; and transaction banking and CMS solutions. The company was formerly known as IDFC Bank Limited and changed its name to IDFC First Bank Limited in January 2019. IDFC First Bank Limited was founded in 1997 and is based in Mumbai, India.",0.298,0.09093001,0.052649997,0.0058899997,NA,33.927128,1.4827135,722592792576,0.2019,-0.1058,0.2908,0.537
Federal Bank,FEDERALBNK.NS,Financial Services,Banks - Regional,"The Federal Bank Limited provides various banking and financial services in India. It operates through four segments: Treasury, Corporate/Wholesale Banking, Retail Banking, and Other Banking Operations segments. The company offers savings, current, salary, GBD super 51, RFC domestic, RFC, EEFC, and gilt accounts, as well as fixed and recurring deposits, and cash certificates; fintech partnership products; and credit card, debit card, smart key chain flash pay, prepaid cards, and tokenization of cards. It also provides personal, gold, car, housing, property, education and career, digital personal, SME business, instant digital, and other loans as well as loans for NRIs and loans against fixed deposits; financing joint liability group; insurance, wealth management, Fed-e-Trade for online trading, national pension system, NPS Vatsalya, and Demat accounts; and priority banking, transfer fund, pay fees and bills, shop online and other, and invest and donate services. In addition, the company offers remittance services; FX retail, forward contracts, options, and swaps; term loans, project finance, bill discounting, working capital loans, packing credit limit, PCFC, and EBRD; bank guarantee, LC bill discounting, merchant banking services, cash management services, and Fed eSCF; and transaction banking services. Further, it provides payment and collection services; online and e-commerce services; and internet banking, mobile banking, conversational banking, ATMs, and open banking. The company was formerly known as Travancore Federal Bank Limited and changed its name to The Federal Bank Limited in March 1947. The Federal Bank Limited was incorporated in 1931 and is headquartered in Aluva, India.",0.214,0.30721,NA,NA,NA,17.634172,1.9822093,795429502976,0.6712,1.2229,0.2536,0.27
RBL Bank,RBLBANK.NS,Financial Services,Banks - Regional,"RBL Bank Limited operates as a scheduled commercial bank in India. It operates through Corporate/Wholesale Banking; Retail Banking; Treasury; and Other Banking Operations segments. The company offers savings, salary, current, special institutions, and seafarer accounts; safe deposit lockers; fixed, recurring, and smart deposits; and portfolio investment schemes. It also provides housing, personal, business, pre-owned car, two-wheeler, education, business, crop, agri investment and allied, and micro-enterprise loans, as well as overdrafts, rural vehicle finance, loans against gold ornaments, loans against property, working capital finance, and unsecured and secured small business loans; life, general, and health insurance products; investments services, such as e-ASBA and national pension system; and Demat accounts. In addition, the company offers online tax and bill payment, missed call recharge and facility, payment gateway, and merchant acquiring services; online, mobile, and digital banking; debit, credit, commercial, and prepaid cards; outward remittances; wire transfer and foreign currency cheques; and developmental banking and financial inclusion services, including loan syndications. Further, it provides corporate finance; investment banking services, comprising mergers and acquisitions advisory and private equity capital advisory; project and infrastructure finance, structured finance, and real estate financing; cash management, trade and remittance, and supply chain finance services; and financial markets and treasury products, including capital markets, and forex and bullion. Additionally, the company offers agribusiness, NRI, and preferred banking services. It operates a network of bank branches, business correspondent branches, and ATMs. The company was formerly known as The Ratnakar Bank Limited and changed its name to RBL Bank Limited in August 2014. RBL Bank Limited was incorporated in 1943 and is based in Mumbai, India. As of June 18, 2026, RBL Bank Limited operates as a subsidiary of Emirates NBD Bank PJSC.",-0.062,0.11102,NA,NA,NA,34.330025,1.531776,644009230336,0.5307,0.7583,0.3764,0.659
AU Small Finance Bank,AUBANK.NS,Financial Services,Banks - Regional,"AU Small Finance Bank Limited provides various banking and financial services in India. The company operates through Treasury, Retail Banking, Wholesale Banking, and Other Banking Operations segments. It offers savings, NRI, corporate salary, senior citizen, women and family, minor, current, premium banking, special offerings, RERA and escrow, collection, share capital and dividend, EXIM, institution current, government banking, Forex, SNRR, and grouping of business and personal accounts; and fixed, recurring, FCNR, and green fixed deposits. The company also provides home, car, commercial vehicle and equipment, gold, personal, two-wheeler, tractor, micro business, working capital, term, commercial vehicle, and tractor loans; loan secured by vehicle, and against FD and property; supply chain finance, renewables funding, real estate funding and project finance, and NBFC and startup funding; and trade finance, such as letter of credit, bank guarantees, buyer's credit, export credit, and Forex and hedging solutions. In addition, it offers cards and payments, including debit and credit cards, ATM and micro-ATM, UPI/Scan and Pay, fund transfer, doorstep banking, international payments, bill pay, mobile recharge, FASTag, and tax payments; AU 0101 and AU 0101 Business applications; and wealth products comprising mutual funds, ASBA/IPO, PMS/AIF/Bonds, and 3-in-1 trading and demat accounts. Further, the company provides life, health, and general insurance; and locker products. It serves urban, semi-urban, and rural markets, as well as salaried and self-employed individuals, small businesses, merchants, women entrepreneurs, farmers, micro-enterprises, and emerging affluent households. The company was formerly known as AU Financiers (India) Limited and changed its name to AU Small Finance Bank Limited in May 2017. AU Small Finance Bank Limited was incorporated in 1996 and is headquartered in Mumbai, India.",0.298,0.25577998,NA,NA,NA,27.002651,3.8093672,762905362432,0.3599,0.3523,0.3028,0.557
Bandhan Bank,BANDHANBNK.NS,Financial Services,Banks - Regional,"Bandhan Bank Limited provides banking and financial services for personal and business customers in India. The company operates through Treasury, Retail Banking, Corporate/Wholesale Banking, and Other Banking Business segments. It accepts term, fixed, and recurring deposits; and offers savings, salary, and current accounts. The company also provides home, gold, personal, two-wheeler, and car loans; loans against property; loan/overdraft against term deposits; and loans for small, medium, and large businesses. In addition, it invests in sovereign securities; offers liability products, card services, internet and mobile banking, ATM, trading, and non-resident Indian services; distributes third party products; and engages in demat and trading activities. Further, the company provides mutual fund, money transfer, bill payment and recharge, merchant payment, debit and credit card, internet and mobile banking, doorstep banking, safe deposit locker, remittance, transaction banking, trade finance, and cash management services, as well as health, life, home, travel, property, and car insurance products; and safe deposit boxes. The company was founded in 2001 and is headquartered in Kolkata, India.",0.216,0.13617,NA,NA,NA,21.774942,1.1807704,302412365824,0.2038,-0.2389,0.385,0.792
Yes Bank,YESBANK.NS,Financial Services,Banks - Regional,"Yes Bank Limited engages in the provision of various banking and financial products and services in India. It operates through Treasury, Corporate Banking /Wholesale Banking, Retail Banking, and Other Banking Operations segments. The company offers savings, salary, and current accounts; deposits; safe deposit locker; credit, debit, prepaid, and MCTC cards; and NRI products. It also provides consumer, commercial, MSME, and rural and agri loans; custom duty, GTS, direct tax, online loan, credit card, and bill payments, as well as outward remittances and forex cards; wealth management, insurance, and government schemes; and working capital finance, term lending, foreign currency loan, supply chain finance, and equipment finance. In addition, the company offers trade finance; cash management; value added services; commercial business, multinational corporate, government, emerging corporate, and corporate banking, as well as financial institutions; digital solutions; and agri and micro products. Further, it provides agri-business product management; merchant acquiring services; food and agribusiness strategic advisory and research; corporate and government advisory; project finance, real estate and loan syndication; YES Premia, YES Grandeur, YES First, Yes Private, YES CONNECT, YES Genie, YES Prosperity, and YES Powher Up products; IRIS Biz mobile app; and ATM. The company serves large corporates, small and medium enterprises, individuals, women microfinance borrowers, and others. The company was incorporated in 2003 and is headquartered in Mumbai, India.",0.09,0.23185,0.074650005,0.00863,NA,18.75,1.3526511,706254012416,0.0539,0.2894,0.36,0.48
Union Bank of India,UNIONBANK.NS,Financial Services,Banks - Regional,"Union Bank of India provides banking products and services in India. It operates in four segments: Treasury Operations, Retail Banking Operations, Corporate and Wholesale Banking, and Other Banking Operations. The company provides its products and services to individuals, commercial enterprises, large corporates, public bodies, and institutional customers. Union Bank of India was incorporated in 1919 and is headquartered in Mumbai, India.",0.164,0.40460998,0.15798001,0.01349,NA,6.686456,0.98593855,1375575736320,0.3369,0.9292,0.3636,0.9
Indian Bank,INDIANB.NS,Financial Services,Banks - Regional,"Indian Bank provides various banking products and services. It offers deposit products, including savings bank and current accounts, term deposits, and non-resident Indian (NRI) accounts. The company also provides agriculture, MSME, corporate, online, home, mortgage, vehicle, personal, educational, and jewel loans; supply chain finance; 59 minutes loans; loan/OD against deposits, NSC/KVP/ relief bonds of RBI/LIC policies; and other retail/personal loans. In addition, it offers digital products, including IndOASIS, internet and SMS banking, debit and credit cards, national common mobility cards, prepaid card, mutual funds, IPO, demat, and trading services; point of sale systems; online collection products; cash management services; and other products, services, and schemes. The company operates through multiple branches in India and overseas; as well as ATMs and BNAs. Indian Bank was incorporated in 1907 and is based in Chennai, India.",0.103,0.36413,0.16171,0.0134000005,NA,8.769896,1.33566,1120673988608,0.197,1.0632,0.3424,0.285
UCO Bank,UCOBANK.NS,Financial Services,Banks - Regional,"UCO Bank provides various banking and financial services in India and internationally. The company's deposit products include current accounts, saving accounts, fixed deposits, recurring deposits, accounts in foreign currency, and fee collection accounts. It also offers agri, home, education, gold, personal, vehicle, and mortgage loans; finance to micro and small enterprises; working capital financing; term loans; infrastructure finance; and agriculture credit. In addition, the company provides life, health, and general insurance products; credit and debit cards; internet banking services; and international banking services, such as NRI banking, foreign currency loans, finance to exporters and importers, remittances, forex and treasury services, resident foreign currency deposits, and correspondent banking services to Indian customers, corporates, NRIs, overseas corporate bodies, foreign companies/individuals, and foreign banks. Further, it provides government deposit schemes/bonds, pension payments/schemes, and tax collection services; merchant banking services; sovereign gold bonds; and mutual funds. The company was formerly known as The United Commercial Bank Ltd. and changed its name to UCO Bank in 1985. UCO Bank was incorporated in 1943 and is headquartered in Kolkata, India.",0.53,0.21541001,0.08541001,0.00735,NA,10.528634,0.8864656,299695439872,-0.1927,-0.4163,0.3953,0.697
Indian Overseas Bank,IOB.NS,Financial Services,Banks - Regional,"Indian Overseas Bank provides various banking products and services in India and internationally. It operates through Treasury Operations, Corporate/Wholesale Banking Operations, Retail Operations, and Other Banking Operations segments. The company accepts various deposits, such as demand, savings, current, fixed, recurring, tax saver, and term deposits. Its loan products include home, vehicle, jewel, consumer durable, education, reverse mortgage, personal, agricultural, and corporate loans, as well as loan against the property and sovereign gold bond; and micro, small, and medium enterprise loans. The company also provides debit and credit cards, export credit, NRI accounts, agricultural and rural banking products, mutual funds, lockers, merchant banking, and internet and mobile banking services; depository services; and life, health, personal accident, digital, and motor insurance products. It operates branches, ATMs, and business correspondents in India; and overseas branches in Singapore, Hong Kong, Thailand, and Sri Lanka. Indian Overseas Bank was incorporated in 1936 and is headquartered in Chennai, India.",0.481,0.36560002,0.16525999,0.0133299995,NA,10.695652,1.5834819,615825735680,-0.1777,-0.2648,0.4092,0.243
Karur Vysya Bank,KARURVYSYA.NS,Financial Services,Banks - Regional,"The Karur Vysya Bank Limited provides various banking and financial services for personal and corporate customers in India. The company operates through Treasury, Corporate and Wholesale Banking, Retail Banking, and Other Banking Operations segments. The Treasury segment offers investments in Central and State Government securities, debt instruments of banks, FIs, insurance companies, PSUs and corporates, certificates of deposits, equity shares, mutual funds, and security receipts, as well as forward contracts, derivatives and foreign exchange operations on proprietary accounts and for customers, including trading in these instruments, as well as borrowing and lending operations. The Corporate/Wholesale Banking segment includes all advances to trusts, partnership firms, companies, and statutory bodies. The Retail Banking segment comprises the lending of funds and other banking services to any legal person, including small business customers. The Other Banking Operations include bancassurance, third-party product distribution, demat services and other banking transactions, as well as deposits in RIDF and MSME funds. It also provides prepaid instruments, including gift, forex, travel, and re-loadable cards; life, non-life, and health insurance products; savings and current accounts; recurring and tax-saving deposits; personal, home, vehicle, and educational loans, as well as business loans; digital products; locker facilities; social security schemes; and government sponsored schemes. In addition, the company offers investment and payment collection and transaction banking services; FCNR, NRE, and NRO deposits; mortgage and jewel loans and loans against deposits; remittance services; and Internet and mobile banking services, as well as a range of products for the agricultural sector. The Karur Vysya Bank Limited was incorporated in 1916 and is headquartered in Karur, India.",0.26,0.41307,NA,NA,NA,11.543471,2.2470486,317018537984,0.5428,1.9474,0.3324,-0.13
Bajaj Finance,BAJFINANCE.NS,Financial Services,Credit Services,"Bajaj Finance Limited operates as a deposit-taking non-banking financial company in India. The company offers financing for various products, such as consumer electronics, furniture, digital products, lifestyle products, lifecare services, e-commerce purchases, retail spends, and two and three-wheelers; and personal, unsecured, home, secured, gold, and car loans. It also provides secured and unsecured loans to micro, small, and medium enterprises; loans against property, mutual funds, insurance policies, and shares; developer finance and lease rental discounting services; commercial vehicle financing; and new and used car financing, and tractor financing. In addition, the company offers commercial and rural lending; public and corporate deposits; loans against securities; micro-finance and auto financing lending; proprietary trading, ESOP financing, and broking and margin trade financing services. Further, it distributes life, health, and general insurance products. The company was formerly known as Bajaj Auto Finance Limited and changed its name to Bajaj Finance Limited in September 2010. The company was incorporated in 1987 and is based in Pune, India. Bajaj Finance Limited is a subsidiary of Bajaj Finserv Ltd.",0.261,0.43495,NA,NA,314.833,32.535904,5.437409,6201628688384,-0.0096,0.2971,0.2754,0.308
Bajaj Finserv,BAJAJFINSV.NS,Financial Services,Financial Conglomerates,"Bajaj Finserv Ltd., through its subsidiaries, provides financial services in India. The company operates through Life Insurance, General Insurance, Windmill, Retail Financing, and Investments and Others segments. It offers personal, home, business, gold, loan for doctors and lawyers; loan against properties, securities, car, fixed deposit, insurance policy, mutual funds, and shares; unsecured and secured loans to small and medium-sized enterprises; two- and three-wheeler loans; used car and tractor loan; financing for products, such as consumer electronics, digital, furniture, e-commerce purchases and retail spends; developer financing; and lease rental discounting products. The company also provides investment products, including fixed deposits, stock trading, and mutual funds; savings products; life, health, motor, fire, engineering, liabilities, marine, crop, car, two-wheeler, pet, home, travel, and personal accident insurance products; wealth management and retirement planning services; healthcare services comprising wellness, outpatient, and inpatient services; and credit cards. In addition, it owns and operates 138 windmills with total installed capacity of 65.2 megawatts. Bajaj Finserv Ltd. was incorporated in 2007 and is based in Pune, India.",0.193,0.06471,NA,NA,256.404,27.85467,3.6339238,2834033541120,-0.1292,0.1249,0.2379,0.371
Cholamandalam Investment,CHOLAFIN.NS,Financial Services,Credit Services,"Cholamandalam Investment and Finance Company Limited, operates as a non-banking finance company in India. The company operates through Vehicle Finance, Loan Against Property, Home Loans, and Other Loans segments. It offers loans for commercial vehicles, passenger vehicle, two- and three- wheelers, and tractors and farm equipment, as well as construction equipment. The company also provides secured loans against property, and home and SME loans, as well as consumer and small enterprise loans, including personal loans, professional loans, and business loans to salaried, self-employed professionals, and proprietorship, partnership, and private limited companies. In addition, it offers gold loans, consumer durable loans, corporate insurance agencies, stockbroking and depository participants, offline payment aggregator, home extension, balance transfer of existing loans, supply chain finance, and secured term loans. Further, the company provides dealer platform services under the Gaadi Bazaar brand, which integrates vehicle trading, auctions, and trade advances. Additionally, it operates Payswiff, an omnichannel payment transaction solution that lets business owners accept payments from their customers in-store, at-home deliveries, online and on-the-go using mPOS, and POS solutions. The company was incorporated in 1978 and is based in Chennai, India.",0.346,0.40549,NA,NA,695.283,24.875824,4.6512084,1420055412736,0.0451,0.4112,0.3263,0.473
Shriram Finance,SHRIRAMFIN.NS,Financial Services,Credit Services,"Shriram Finance Limited, a non-banking finance company, provides financing services in India. It offers fixed and recurring deposits; commercial vehicle loans for commercial goods vehicles, passenger commercial vehicles, tractors and farm equipment, and construction equipment; two-wheeler, gold, used car loan, and personal loans; and green finance services. The company also provides business loans, such as MSME loans; working capital loans, including tyre, tax, fuel, toll financing, repair/top-up loans, fuel finance, challan discounting and vehicle insurance premium loans; motor insurance, including four-wheeler, two-wheeler, passenger and goods carrying vehicle insurance products; non motor insurance products, such as personal accident, shri criti care, and home insurance; and life insurance products comprising savings, retirement, child, protection plans, as well as recharges, including mobile recharge, mobile postpaid, landline postpaid, DTH, and FASTag recharge services. In addition, it offers utilities and bills services, such as electricity, LPG gas, gas bill payment, broadband postpaid, water, and cable tv; financial services and taxes comprising credit card, loan repayment, insurance, municipal services, and recurring deposit; and other services, such as housing society, clubs and associations, and education fees. It serves first time buyers, small road transport operators, commercial vehicles operators, micro, small, and medium enterprises (MSMEs), and individuals. The company was formerly known as Shriram Transport Finance Company Limited and changed its name to Shriram Finance Limited in November 2022. Shriram Finance Limited was incorporated in 1979 and is based in Mumbai, India.",0.428,0.50009996,0.18495001,NA,276.215,17.554298,2.8375373,2339162030080,0.6023,1.6676,0.3511,0.606
Muthoot Finance,MUTHOOTFIN.NS,Financial Services,Credit Services,"Muthoot Finance Limited, a non-banking financing company, provides gold loans in India. The company offers various loans, including personal, small business, home, corporate business, SME, and vehicle loans, as well as loans against property; insurance products, such as health, home, vehicle, life, travel, shop, bike, and group insurance; housing and micro finance; and mutual funds. It also provides PAN card services; money transfer; non-convertible debentures; national pension scheme; digital and cashless payments; bank mapping; milligram rewards; WhatsApp services; and other custom offerings. In addition, the company generates electric power through three windmills with a combined capacity of 3.75 MW in Tamil Nadu. It serves small business owners, vendors, traders, farmers, and salaried individuals through its network of branches. Muthoot Finance Limited was founded in 1887 and is headquartered in Kochi, India.",0.353,0.55502,0.31735,0.06402,393.56,10.004941,2.803267,1138163187712,-0.0631,1.3279,0.324,0.517
Manappuram Finance,MANAPPURAM.NS,Financial Services,Credit Services,"Manappuram Finance Limited, a gold loan non-banking financial company, provides fund-based and fee-based financial services in India. It operates through Gold Loan and Others, and Microfinance segments. The company offers loans, such as gold loans, gold loans at your doorstep, online gold loans, business loans, home improvement loans, housing loans, property loans, income-generating loans, and personal loans; balance transfers and top-ups; and co-lending arrangements. It also finances commercial and passenger vehicles, construction and farm equipment, and two-wheelers, as well as micro, small, and medium enterprises. In addition, the company offers foreign exchange money transfer and digital wallet services, as well as other services, such as depository services and demat account services. It serves salaried professionals, self-employed individuals, retail customers, and gold jewelry holders; small and medium-sized enterprises, large corporate entities, and institutional clients across the education and health sectors; and micro and small entrepreneurs engaged in trading and manufacturing activities. The company was formerly known as Manappuram General Finance and Leasing Limited and changed its name to Manappuram Finance Limited in 2011. Manappuram Finance Limited was founded in 1949 and is headquartered in Thrissur, India.",0.801,0.30516002,NA,NA,360.191,19.845514,1.954668,313738264576,0.1973,1.4879,0.3723,0.79
LIC Housing Finance,LICHSGFIN.NS,Financial Services,Mortgage Finance,"LIC Housing Finance Limited, a housing finance company, provides loans for the purchase, construction, repair, and renovation of houses/buildings in India. The company offers public, green, and corporate deposits; home loans to residents and non-residents Indians, as well as to pensioners; plot loans, home improvement and renovation, construction, and home extension loans; refinance; construction finance and term loans for builders and developers; and loans for staff quarters and other lines of credit for corporates. It also provides loans against properties for companies and individuals; loans against rental securitization; and loans to professionals. In addition, the company develops, establishes, and operates assisted living community centers for elderly citizens; manages, advises, and administers private equity funds, including venture capital and alternate investment funds; offers asset management and trusteeship services; and markets housing loan, life and general insurance products, mutual funds, fixed deposits, and credit cards. LIC Housing Finance Limited was incorporated in 1989 and is based in Mumbai, India.",0.145,0.65177,NA,NA,642.522,5.4085045,0.75160015,311335649280,0.0104,0.2863,0.299,0.228
Power Finance Corporation,PFC.NS,Financial Services,Credit Services,"Power Finance Corporation Limited, a non-banking finance company, provides financial products and related advisory services to the power, logistics, and infrastructure sectors in India. The company offers fund-based financial policies and products, such as project-specific funding; a revamped distribution sector scheme; funding for clearance of dues-LPS; a revolving bill payment facility; guidelines for solar and wind power generation projects, as well as for funding private sector independent transmission projects (ITP); a debt refinancing policy; a prepayment policy for solar wind ITP and other projects; takeout financing, asset acquisition, bridge loans, buyer's lines of credit, credit facilities for the purchase of power through power exchanges, and conventional and energy-saving projects; and project, medium, and short-term loan services. Its fund-based financial policies/products also include grants/interest-free loans for studies/consultancies; lease financing for the purchase of equipment and wind power projects; a line of credit for the import of coal; a policy for underwriting of debt; and financial assistance to distribution franchisees. The company also provides non-fund-based policies/products comprising guarantees, letters of comfort, and a policy for guarantees for credit enhancement; and non-fund-based consultancy services. Power Finance Corporation Limited was incorporated in 1986 and is headquartered in New Delhi, India.",0.008,0.54484004,NA,NA,536.837,4.2991605,0.7803986,1115434385408,-0.1253,0.6131,0.3965,0.599
REC Ltd,RECLTD.NS,Financial Services,Credit Services,"REC Limited, together with its subsidiaries, engages in the provision of financing services for power generation, transmission, distribution, infrastructure, and logistics projects in India. The company primarily offers long, medium, and short-terms loans; debt refinancing, equity financing, financing of equipment manufacturing for power sector and coal mines; policy for funding against regulatory assets, and revolving bill payment facility services; and letter of undertaking in lieu of bank guarantee, etc. It is also involved in the implementation of distribution system strengthening works, implementation of grid/off-grid solar (PV) projects, and installation of smart meters. In addition, the company acts as the bid process coordinator for selection of transmission service provider through tariff based competitive bidding process for independent inter-state and intra-state transmission projects. It serves government entities, independent power producers, and private sector borrowers. The company was formerly known as Rural Electrification Corporation Limited and changed its name to REC Limited in October 2018. The company was incorporated in 1969 and is based in Gurugram, India. REC Limited is a subsidiary of Power Finance Corporation Limited.",0.252,0.6889,NA,NA,607.463,5.073768,0.9785896,824067489792,-0.1232,0.3196,0.4027,0.318
SBI Cards,SBICARD.NS,Financial Services,Credit Services,"SBI Cards and Payment Services Limited, a non-banking financial company, provides credit cards to individual and corporate customers in India. The company offers corporate, central travel, utility, and corporate purchase and virtual cards. It also acts as a corporate insurance agent for selling insurance policies to credit card customers. The company was incorporated in 1998 and is headquartered in Gurugram, India. SBI Cards and Payment Services Limited operates as a subsidiary of State Bank of India.",0.234,0.18199,NA,NA,280.206,25.843554,3.7002509,581644713984,-0.3085,-0.2159,0.2518,0.243
IIFL Finance,IIFL.NS,Financial Services,Credit Services,"IIFL Finance Limited, a non-banking financial company, provides financial services in India and internationally. The company offers mortgage and gold loans; business loans, including business loans for manufacturers, women, and e-commerce; loans to micro, small, and medium enterprises; loans against securities; and digital finance loans, as well as supply chain finance. It also provides construction and real estate financing; capital market financing; and lending, broking, and wealth management services. The company was formerly known as IIFL Holdings Limited and changed its name to IIFL Finance Limited in May 2019. IIFL Finance Limited was incorporated in 1995 and is headquartered in Mumbai, India.",0.318,0.24174,NA,NA,447.421,12.570293,1.8849392,262382403584,0.4083,0.0876,0.4633,0.298
M&M Financial Services,M&MFIN.NS,Financial Services,Credit Services,"Mahindra & Mahindra Financial Services Limited, a non-banking financial company, engages in vehicle financing business in India. The company operates through Financing Activities and Other Reconciling Items segments. It offers financing for new and pre-owned auto, utility vehicles, tractors, passenger cars, and commercial vehicles; and vehicle leasing solutions through its digital platform Quiklyz to fleet operators, farmers, businesses, self-employed, and salaried individuals. The company also provides loan against property, equipment finance, working capital finance, and supply chain finance for micro, small and medium enterprises (MSME); housing loans; asset management and trusteeship services; insurance broking; fixed deposits; mutual funds; and engages in insurance distribution. Mahindra & Mahindra Financial Services Limited was incorporated in 1991 and is headquartered in Mumbai, India. Mahindra & Mahindra Financial Services Limited is a subsidiary of Mahindra & Mahindra Limited.",0.367,0.30887,NA,NA,429.851,14.4952135,1.7370127,462883815424,0.2181,0.1871,0.3361,0.333
Poonawalla Fincorp,POONAWALLA.NS,Financial Services,Credit Services,"Poonawalla Fincorp Limited, a non-banking finance company, provides consumer and MSME financing services in India. The company offers prime personal, gold, education, consumer durable, commercial vehicle, shopkeeper, instant consumer, pre-owned car, business, mid-market, machinery and medical equipment, and professional loans, and loan against property, as well as NBFC lending. It also provides supply chain financing and credit leasing services. In addition, the company offers insurance services. It serves individuals, salaried and self-employed professionals, students, proprietorship, MSMEs, OPCs, partnership firms, LLPs, private and public companies, private and public trusts, and society. The company was formerly known as Magma Fincorp Limited and changed its name to Poonawalla Fincorp Limited in July 2021. The company was incorporated in 1978 and is based in Mumbai, India. Poonawalla Fincorp Limited operates as a subsidiary of Rising Sun Holdings Pvt Ltd.",1.003,0.22666,NA,NA,468.058,48.78964,3.6037757,404268384256,-0.0646,0.2493,0.3737,0.314
Aavas Financiers,AAVAS.NS,Financial Services,Mortgage Finance,"Aavas Financiers Limited provides housing finance services to low- and middle-income customers in semi-urban and rural areas in India. The company offers home loans for flats, houses, and bungalows; home construction loans for residential houses; resale property purchase loans, and home improvement loans, including loans for tiling or flooring, plaster or painting, etc. It also provides loans against property; micro, small, and medium enterprise loans; and home loan balance transfer, as well as cash salaried plus loans and small ticket size loans. The company was formerly known as AU Housing Finance Limited and changed its name to Aavas Financiers Limited in May 2017. Aavas Financiers Limited was incorporated in 2011 and is based in Jaipur, India.",0.169,0.42543998,NA,NA,310.553,14.708201,1.9876386,100521418752,-0.2476,-0.259,0.299,0.525
CreditAccess Grameen,CREDITACC.NS,Financial Services,Credit Services,"CreditAccess Grameen Limited, a non-banking financial company, provides micro finance services for women from poor and low-income households in India. The company offers microcredit loans for income generation, home improvement, emergency, family welfare, and Grameen Unnati, as well as Grameen Suraksha, Grameen Sanchay, life insurance, and national pension schemes. It also provides retail finance loans, such as Grameen Vikas, Unnati loan, Grameen two-wheeler, Grameen Vishesh loan, and Grameen housing loan. In addition, the company offers digital lending products comprising Grameen Mahi, a customer app, Pragathi digital and multi-purpose digital loans. The company was formerly known as Grameen Koota Financial Services Private Limited and changed its name to CreditAccess Grameen Limited in January 2018. CreditAccess Grameen Limited was incorporated in 1991 and is headquartered in Bengaluru, India. CreditAccess Grameen Limited is a subsidiary of CreditAccess India BV.",1.495,0.39812002,0.16364999,NA,302.872,17.234608,2.6530976,208145088512,-0.0547,0.0283,0.4077,0.087
Sundaram Finance,SUNDARMFIN.NS,Financial Services,Credit Services,"Sundaram Finance Limited, together with its subsidiaries, operates as a non-banking finance company in India. The company accepts fixed, cumulative, and NRI deposits. The company also offers finance for new and used cars, new and used commercial vehicles, and new and used construction equipment; diesel finance for commercial vehicle operators and companies; tire and insurance finance; farm equipment finance for new/used tractors, harvesters, and farm implements; SME finance working capital, enterprise business, and machinery term loans, as well as channel finance; housing finance; and leasing services. In addition, it provides life, health, asset, and business insurance products; mutual funds; and information technology, and business processing and support services. Further, it offers a suite of investment management services, which include asset allocation and execution, portfolio management, tax management, risk management, and estate management. Sundaram Finance Limited was incorporated in 1954 and is based in Chennai, India.",0.268,0.4609,NA,NA,409.161,22.779182,3.3628843,496860790784,-0.0096,0.4652,0.3436,0.179
Aditya Birla Capital,ABCAPITAL.NS,Financial Services,Financial Conglomerates,"Aditya Birla Capital Limited, through its subsidiaries, provides various financial products and services in India and internationally. It operates through Lending, Housing Finance, Life Insurance, Asset Management, Health Insurance, Stock and Securities Broking, and Other Financial Services segments. The company offers housing loans, such as home extension, renovation, construction, plot and construction, lease rental discounting, and commercial property loans, as well as loan against property; personal and consumer, flexi, secured, unsecured business loan, and corporate loans; gold loan; and SME loans, including line of credit, working capital, machinery and rooftop solar loan, and supply chain financing solutions. It also provides loan against shares, mutual funds, life insurance policies, IPO financings, and promoter fundings; corporate financing, such as project financing and term loans; and payment solutions and credit card products. In addition, it provides life insurance, such as term, retirement, saving, ULIP, children future, wealth protection, group life, general, and pension solutions; health and wellness, and super top-up health insurance plans; and motor insurance comprising bike and car insurances; and travel insurances, as well as pocket insurance, including eye, dental, hospicash, mental health and nutrition, and personal accident insurance. Further, the company offers investment solutions in mutual funds, such as debt, equity, hybrid, retirement, children funds, exchange traded, fund of funds, and index funds; stock and securities, including equity, margin trading facilities, and bonds; fixed deposits; digital gold and silver; forex services; and tax filing and planning. The company was incorporated in 2007 and is based in Mumbai, India. Aditya Birla Capital Limited is a subsidiary of Grasim Industries Limited.",0.314,0.119449995,NA,NA,495.936,25.259068,2.967901,1067740364800,0.3613,1.209,0.3384,0.681
Hindustan Unilever,HINDUNILVR.NS,Consumer Defensive,Household & Personal Products,"Hindustan Unilever Limited, a fast-moving consumer goods company, manufactures and sells food, home care, and personal care products in India and internationally. It operates through Home Care, Beauty & Wellbeing, Personal Care, Foods, and Others segments. The company offers detergent bars, detergent powders, detergent liquids, and scourers; skin care and hair care products; skin cleansing, oral care, bodywash, and deodorants; and culinary products, such as tomato based products, fruit based products, soups, etc., as well as tea, coffee, functional nutrition drinks, and lifestyle nutrition products. It is also involved in beauty salons, job work, real estate, and discharge trust business. Hindustan Unilever Limited was founded in 1888 and is headquartered in Mumbai, India.",0.05,0.22644,NA,NA,3.016,42.91805,9.366262,4565021229056,-0.2207,-0.1692,0.2015,0.321
ITC,ITC.NS,Consumer Defensive,Tobacco,"ITC Limited engages in the fast-moving consumer goods, paperboards, paper and packaging, and agri businesses in India and internationally. The company offers cigarettes and cigars; foods, including staples, spices, biscuits, confectionery and gums, snacks, noodles and pasta, beverages, dairy products, ready-to-eat meals, chocolates, coffee, and frozen foods; personal care products; education and stationery, such as balls, gels and roller pens, mechanical pencils, geometry boxes, erasers, sharpeners and rulers, wax crayons, plastic crayons, and sketch pens and oil pastels; safety matches; and agarbattis and dhoops under various brands, as well as operates a hotel under the ITC Grand Central name in Mumbai. It also provides virgin, recycled, coated barrier, cupstock base, liner, liquid packaging, antifungal, solid, and graphic boards, as well as specialty papers; surfacing, print base, barrier, overlay, and liner papers; plastic substitution products; and packaging products, including cartons, flexible, tobacco, and green packaging products. In addition, the company exports feed ingredients, food grains, marine products, processed fruits, coffee products, leaf tobacco products, and spices; and offers information technology services for the banking and financial services, healthcare, manufacturing, consumer goods, travel, and hospitality industries, as well as produces and commercializes seed potato technology products. Further, it provides property infrastructure maintenance; engineering, procurement and construction management and project management consultancy services; business consulting; and agro-forestry and other related services, as well as engages in the fabrication and assembly of machinery for tube filling, cartoning, wrapping, and conveyor solutions and engineering activities. ITC Limited was incorporated in 1910 and is headquartered in Kolkata, India.",-0.111,0.25937998,NA,NA,3.293,16.91824,4.6484303,3370709155840,-0.2949,-0.2919,0.1872,-0.093
Nestle India,NESTLEIND.NS,Consumer Defensive,Packaged Foods,"Nestlé India Limited engages in the manufacture and sale of food products in India and internationally. It offers milk products and nutrition, including dairy whitener, condensed milk, UHT milk, yogurt, maternal and infant formula, baby foods, health care nutrition; prepared dishes and cooking aids, such as noodles, sauces, seasonings, pasta, cereals, and pet foods; powdered and liquid beverages comprising instant coffee and tea, as well as ready to drink beverages; and confectionery items consisting of bar countlines, tablets, and sugar confectionery products. The company was incorporated in 1959 and is headquartered in Gurugram, India.",0.252,0.15623,NA,NA,8.621,68.50679,50.95165,2627521216512,0.173,0.245,0.1988,0.419
Britannia Industries,BRITANNIA.NS,Consumer Defensive,Packaged Foods,"Britannia Industries Limited engages in manufacturing, trading, and sale of various food products in India and internationally. The company offers biscuits under the Good Day, Marie Gold, NutriChoice, Milk Bikis, Tiger, 50-50, Jim Jam, Britannia Bourbon, Little Hearts, Treat, Pure Magic, Nice Time, and Biscafe brand names; cakes under the Muffills, Fudge It, Gobbles, Layerz, Tiffin Fun, Rollyo, and Nut & Raisin Romance Cake brand names; rusks under the Toastea brand; snacks under the Treat Croissant, Treat Creme Wafers; and Snacks under Time Pass brand name. It also offers dairy products, such as ghee, cheese, and dairy whitener; milkshakes, lassi, and flavored milk under Winkin' Cow brand; gourmet, wheat flour, and white breads under Britannia brand; paneer and dahi under Come Alive brand, and nutritious bars under Be You Protein Bars brand name. The company exports its products to approximately 80 countries worldwide. Britannia Industries Limited was founded in 1892 and is based in Bengaluru, India.",0.082,0.13376,NA,NA,26.875,45.24835,23.289436,1189287165952,-0.1568,0.1273,0.1997,0.413
Dabur India,DABUR.NS,Consumer Defensive,Household & Personal Products,"Dabur India Limited operates as a fast moving consumer goods company worldwide. It operates through Consumer Care Business, Foods Business, Retail Business, and Other segments. The company provides health supplements under the Dabur Chyawanprash, Dabur Honey, and Dabur Glucose brand name; digestive products under the Hajmola, Pudin Hara, Hingoli, Dabur Nature Care, and Sat Isabgol brands; cough and throat products under the Dabur Honitus brand name; baby care products under the Dabur Lal Tail; ayurvedic health juices; rejuvenators under the Dabur Shilajit brand name; Women's Health Tonics; and nutraceuticals under the Siens brand name, as well as Ayurvedic Ethicals. It also offers hair care products comprising hair oil and shampoo under the Dabur Amla, Vatika, and Dabur Almond brands; oral care products that includes toothpastes, gels, and toothpowders under the Dabur Red Paste, Dabur Babool, Meswak, Dabur Herb'l, and Dabur Lal Dant Manjan brands; skin care products, including rose water, moisturising creams and lotions, soaps, body wash, toners, facial bleaches, and depilatory creams under the Dabur Gulabari and Fem & OxyLife brand names; and home care products, such as air fresheners under Odonil name, mosquito repellents under the Odomos brand, and floor and toilet cleaner products under the Sanifresh brand name. In addition, the company provides beverages under the Réal and Réal Activ brand names; foods under the Dabur and Hommade brands; and spices under the Badshah brand, as well as edible oils and ghee which includes Dabur Cold Pressed Mustard, Sesame and Groundnut Oils, Virgin Coconut Oil, and Dabur 100% Cow Ghee. Further, it offers Guar gum, pharma, and other products. The company also operates specialized beauty retail stores that offer a range of cosmetics, fragrances, skin care, and personal care products, as well as beauty and fashion accessories under the NewU brand name. Dabur India Limited was founded in 1884 and is based in Ghaziabad, India.",0.106,0.14551,NA,NA,10.907,34.707474,5.9891586,684037832704,-0.2415,-0.2738,0.2188,0.413
Godrej Consumer Products,GODREJCP.NS,Consumer Defensive,Household & Personal Products,"Godrej Consumer Products Limited, a fast-moving consumer goods company, manufactures and sells personal care and home care products in India, Africa, Indonesia, the Middle East, the United States, and internationally. The company offers household insecticides, home hygiene, and air and fabric care products; and personal wash and hygiene, hair color, beauty and professional products, and deodorants and fragrances. It provides its products under the Godrej Aer-O, Goodknight Agarbatti, Godrej Ninja, Godrej Good knight, Godrej aer, Godrej Expert, Darling, HIT, Godrej Ezee, Godrej No.1, CINTHOL, Ilicit, ISSUE, INECTO, Godrej magic, Godrej nupur, Godrej Professional, tcb, ROBY, Villeneuve, Millefiori, African Pride, Stella, Godrej spic, Godrej bloq, Mitu baby, NYU, Godrej Genteel, Park Avenune, Profectiy Mega Growth,and KamaSutra brands names. Godrej Consumer Products Limited was founded in 1897 and is headquartered in Mumbai, India.",0.154,0.12086,NA,NA,34.899,47.00855,7.1192226,900508352512,-0.2479,-0.057,0.262,0.341
Marico,MARICO.NS,Consumer Defensive,Household & Personal Products,"Marico Limited, together with its subsidiaries, manufactures and sells branded consumer products in India, Bangladesh, Vietnam, and internationally. It offers coconut oils, refined edible oils, hair oils, anti-lice treatments, fabric care, functional and other processed food, hair creams and gels, hair serums, shampoos, conditioners, shower gels, hair relaxers and straighteners, deodorants, female personal care, baby care, skin care, male grooming and hair styling, packaged food, health care, and hygiene products. The company markets its products under the Parachute, Parachute Advansed, Saffola, Hair & Care, Parachute Advansed, Nihar Naturals, Mediker, Pure Sense, Coco Soul, Revive, Set Wet, Livon, Just Herbs, True Elements, Kaya, Beardo, and Plix, HairCode, Fiancée, Purité de Prôvence, Ôliv, Lashe', Caivil, Hercules, Black Chic, Code 10, Ingwe, X-Men, Studio X, Thuan Phat and Isoplus brand names. It sells its products through distribution network, including regional offices, carrying and forwarding agents, redistribution centers, and distributors. Marico Limited was incorporated in 1988 and is headquartered in Mumbai, India.",0.214,0.13159999,NA,NA,12.394,56.835533,25.253616,1063056048128,0.1693,0.4698,0.2177,0.174
Colgate-Palmolive India,COLPAL.NS,Consumer Defensive,Household & Personal Products,"Colgate-Palmolive (India) Limited manufactures and trades in personal and oral care products in India. The company offers toothpastes, toothpowder, toothbrushes, mouth wash, serum, rinses, whitening products, hand washes, and shower gels under the Colgate and Palmolive brand name. It also offers soaps, cosmetics, and toiletries. In addition, the company exports its products. Colgate-Palmolive (India) Limited was incorporated in 1937 and is headquartered in Mumbai, India.",0.118,0.21722999,NA,NA,2.993,37.45308,31.863604,504750964736,-0.1654,-0.0109,0.2433,0.503
Tata Consumer Products,TATACONSUM.NS,Consumer Defensive,Packaged Foods,"Tata Consumer Products Limited, together with its subsidiaries, manufactures, distributes, and trades in food products in India, the United States, the United Kingdom, and internationally. It operates through Branded Business and Non Branded Business segments. The company provides tea, coffee, water, salt, pulses, spices, snacks, ready-to-eat packaged and processed food products, ready to cook, ready to drink beverages, breakfast cereals, sauces, instant masala noodles, meal solutions, staples, mini-meals, breakfast, chilli ginger garlic paste, cooking aids and condiments, dry fruits, floor and millets, honey, chutneys, and cold-pressed oils. It also offers health supplements; glucose and jelly drinks; juices; food; and out-of-home consumptions products. The company provides its products primarily under the Tata Tea, Tata Tea Premium, Tetley, 1868 by Tata Tea, Organic India, Tata Coffee Grand, Tata Coffee Gold, Tata Coffee Quick Filter, Sonnets by Tata Coffee, Tata Salt, Tata Sampann, Smith & Jones, Tata Soulfull, Himalayan honey and preserves, Ching's Secret, Tata Simply Better, Himalayan water, Tata Copper+, Tata Gluco+, Tata Coffee Grand Cold Coffee, Zip Zap, Tetley Ready-To-Drink Green Tea, Tata Starbucks, Tata Consumer Specialist Solutions, Tata MyBistro, Good Earth, Teapigs, Eight O'Clock, Vitax, Himalayan, Laager, Tea4Kidz, Tea time, Society Coffee, Phendula, Teeco, Southalls, Tata Tea Gold, Kanan Devan, Chakra Gold, Tata Tea Agni, Joekels, Tata Coffee Cold Coffee, Tata Fruski, Tata GoFit, Himalayan Honey & Preserves, Himalayan Saffron, and Tata MyBistro Vending brands. The company was formerly known as Tata Global Beverages Limited and changed its name to Tata Consumer Products Limited in February 2020. Tata Consumer Products Limited was incorporated in 1962 and is based in Mumbai, India.",0.119,0.078379996,NA,NA,12.159,60.061085,4.465559,973063192576,-0.1258,0.1168,0.2287,0.405
Varun Beverages,VBL.NS,Consumer Defensive,Beverages - Non-Alcoholic,"Varun Beverages Limited, together with its subsidiaries, manufactures, bottles, sells, and distributes beverages under the PepsiCo brands in India, Sri Lanka, Nepal, Zambia, Morocco, Zimbabwe, the Democratic Republic of Congo, Mozambique, South Africa, Lesotho, Eswatini, Namibia, and Botswana. The company offers carbonated soft drinks under the Pepsi, Pepsi Zero, Mountain Dew, Mirinda, and Seven-Up brands, as well as the Refreshhh, Coo-ee, and Jive brands; fruit pulp and juice-based drinks under the Slice, Tropicana, Tropicana Delight, and Seven-Up Nimbooz brands; club sodas under the Evervess and Duke's brands; and energy drinks under the Sting, Adrenaline Rush, and Rockstar brands. It also provides sports drinks under the Gatorade brand; carbonated juice-based drinks under the Seven-Up Nimbooz Masala Soda brand; ice-tea under the Lipton brand; packaged drinking water under the Aquafina and Aquavess brands, as well as the Refreshhh and Aquaclear brands; and snacks under the FritoLay, Cheetos, Doritos, Simba, and Kurkure brands. In addition, the company offers energy drinks under the Reboost Energy brand; and value-added dairy-based beverages under the Cream Bell brand. Varun Beverages Limited was incorporated in 1995 and is based in Gurugram, India.",0.204,0.14035,0.16853,0.09782,15.869,43.092167,6.7551193,1470708711424,-0.0345,0.1831,0.32,0.277
United Breweries,UBL.NS,Consumer Defensive,Beverages - Brewers,"United Breweries Limited engages in manufacture, purchase, and sale of beer and non-alcoholic beverages in India and internationally. The company provides beer products under the Heineken Original, Heineken Silver, Kingfisher Premium, Kingfisher Strong, Kingfisher Ultra, Kingfisher Ultra Max, Kingfisher Ultra Witbier, Amstel, Amstel Grande, Bullet, Bullet Super Strong, Cannon 10000, Zingaro, Kingfisher Strong, Kingfisher Flavour Mango and lemon, Kalyani Black Label, UB Export Lager, UB Export Strong, London Pilsner Premium, London Pilsner Strong, and Queenfisher brands; and non-alcoholic products under the Kingfisher Premium Packaged Drinking Water, Kingfisher Strong Power Soda, Kingfisher Ultra-Premium Soda, and Heineken 0.0. It also licenses its brands; and offers contract manufacturing services. In addition, the company is involved in scrap sales. The company was founded in 1915 and is headquartered in Bengaluru, India.",0.071,0.0419,NA,NA,29.076,83.475655,7.3163033,330850172928,-0.2934,-0.1937,0.2315,-0.042
Radico Khaitan,RADICO.NS,Consumer Defensive,Beverages - Wineries & Distilleries,"Radico Khaitan Limited engages in the manufacture and trading of Indian made foreign liquor (IMFL), country liquor, and other alcoholic products in India, Ghana, Nigeria, Sudan, the United Arab Emirates, and internationally. The company provides IMFL products in various categories of whisky, vodka, rum, gin, brandy, and liqueurs, as well as ethanol. It also provides bottling services to other spirit manufacturers. The company offers its products under the 8PM Whisky, Magic Moments Vodka, Old Admiral Brandy, 8PM Premium Black Whisky, Morpheus Brandy, Contessa Rum, 1965 Spirit of Victory Rum and After Dark Whisky, Rampur Indian Single Malt Whisky, Jaisalmer Indian Craft Gin, Magic Moments Verve Vodka, Morpheus Premium and Morpheus Blue Super Premium Brandy, Pluton Bay Rum, Regal Talon Whisky, and Whytehall Brandy brand names. It offers its products to state government, state-owned enterprises, canteen stores department, private wholesalers, distributors, retailers, hotels, clubs, and restaurants. The company was formerly known as Rampur Distillery Company. Radico Khaitan Limited was founded in 1943 and is based in New Delhi, India.",0.118,0.11297,NA,NA,15.033,89.197495,18.402786,610601598976,0.5381,2.9555,0.3269,0.496
Emami,EMAMILTD.NS,Consumer Defensive,Household & Personal Products,"Emami Limited, together with its subsidiaries, manufactures and markets personal and healthcare products in India and internationally. The company offers antiseptic creams, body lotions, soaps, aloe vera gels, petroleum jellies, prickly heat powders, and all-season creams under the BoroPlus brand; cool oils and talcs under the Navratna brand; ayurvedic products for pain management, immunity, digestive health, and bone and joint health, as well as pain balms, healthcare, generics, and ethical products under the Zandu brand; ayurvedic medicinal oils, shampoos, and conditioners under the Kesh King brand; and brightening creams, brightening face washes, and oil clear face washes for men under the Smart And Handsome brand. It also provides pain balms under the Emami Mentho Plus brand; light hair oils under the Emami 7 Oils in One brand; prickly heat powders and sprays, soaps, and shower gels under the Dermicool brand; German skincare products under the Creme 21 brand; deodorants, eau de toilettes, shampoos, face and body washes, and shower gels under the HE brand; body sprays and perfumes, as well as face, hair, body, beard, and shaving products under The Man Company brand; and face serums, oil shots, powder face washes, and hair and pure oils under the Brillare brand. In addition, the company offers brightening creams under the Emami Pure Glow brand; cold creams under the Emami Malai Kesar Cold Cream brand; talcs under the Emami Golden Beauty Talc brand; fairness creams under the Emami Naturally Fair brand; hair colors under the Emami Diamond Shine brand; ayurvedic and science-led personalized hair and skin products under the Vedix brand; and aloe-based fruit beverages under the Alo Frut brand. It exports its products. The company was founded in 1974 and is headquartered in Kolkata, India.",0.149,0.19117,NA,NA,5.541,22.710035,5.810829,168811118592,-0.3106,-0.1983,0.3187,0.143
Jyothy Labs,JYOTHYLAB.NS,Consumer Defensive,Household & Personal Products,"Jyothy Labs Limited, together with its subsidiaries, manufactures and markets fabric care, dishwashing, personal care, and household insecticides products in India and internationally. It operates through Dishwashing, Fabric Care, Household Insecticides, Personal Care, and Others segments. The Dishwashing segment offers dish wash bars, gels, and liquids, as well as dish wash scrubbers, steel scrubbers, and powders under the Pril and Exo brands. The Fabric Care segment provides fabric whiteners, enhancers, and conditioner; detergent powders; and detergent liquids and bar soaps under the Ujala, Henko, Mr. White, More Light, Dr.Wool, Super Chek, and Speed brands. The Household Insecticides segment offers mosquito repellent coils, liquids, racquet, and aerosol, as well as surface cleaners and air care products under the Maya, T- Shine, and Maxo brands. The Personal Care segment provides body soaps, toothpastes, deodorants, talcum powders, after shave products, and hand washes under the Margo, FA, Neem Active, and Jovia brands. The Others segment offers incense sticks and toilet and floor cleaner products, as well as laundry services. It also provides dry cleaning and laundry services under the Fabric Spa brand. The company was formerly known as Jyothy Laboratories Limited and changed its name to Jyothy Labs Limited in July 2019. Jyothy Labs Limited was founded in 1983 and is based in Mumbai, India.",0.03,0.09575,NA,NA,3.247,24.717983,4.4166803,70163677184,-0.3844,-0.4264,0.3364,0.456
Gillette India,GILLETTE.NS,Consumer Defensive,Household & Personal Products,"Gillette India Limited engages in the manufacture and sale of grooming and oral care products in India and internationally. The company operates through grooming, and oral care segment. It offers shaving system and cartridges, blades, toiletries, razors, and other components. The company also offers toothbrushes and oral care products. In addition, the company provides body shaving and trimming; skin care; and shaving gel, shaving cream and after shave; and female grooming products under the Gillette Venus brand name. The company sells its products primarily under the GilletteLabs, SkinGuard Sensitive, Fusion5, MACH3, Disposable Razor, Guard3, and Styler brand names. Gillette India Limited markets and sells its products through mass merchandisers, grocery stores, membership club stores, drug stores, department stores, and high frequency stores. The company was incorporated in 1984 and is based in Mumbai, India.",0.108,0.21035999,NA,NA,0.002,34.722836,24.348173,230442647552,-0.2483,0.2597,0.2844,0.27
Bajaj Consumer Care,BAJAJCON.NS,Consumer Defensive,Household & Personal Products,"Bajaj Consumer Care Limited manufactures, markets, and distributes hair care, cosmetics, toiletries, and other personal care products in India and internationally. The company offers hair oil and serum, shampoo, body lotion, and soap under the Bajaj Almond Drops brand name; and castor, coconut, virgin coconut, olive, kalonji, and jojoba oil under the Bajaj 100% Pure brand. It also provides face scrub, face wash, hand sanitizer, soap, cream, and face serum under the Bajaj Nomarks brand name; and hair masque, hair oil, argan oil, hair serum, and almond oil under the Natyv Soul brand name. In addition, the company offers hair oil under the Bajaj Jasmine and Bajaj Zero Grey brands, as well as Bajaj multipurpose sanitizer products; and other consumer care products under the Bajaj Gulab Jal, Bajaj 100% Pure Henna, Sarson Amla, Brahmi Amla, and Amla Aloe Vera brands. It serves customers in hair care, hair styling, and skin care categories through retail outlets serviced by its distribution network, including regional offices, carrying and forwarding agents, and distributors. The company was formerly known as Bajaj Corp Limited and changed its name to Bajaj Consumer Care Limited in January 2019. Bajaj Consumer Care Limited was founded in 1953 and is based in Mumbai, India.",0.281,0.18059,NA,NA,2.092,29.626333,8.857954,65243852800,1.0358,1.2717,0.3984,0.917
Zydus Wellness,ZYDUSWELL.NS,Consumer Defensive,Packaged Foods,"Zydus Wellness Limited engages in the development, production, marketing, and distribution of health and wellness products in Asia, the Middle East, Africa, the Oceania, Europe, and North America. It provides glucose powder under the Glucon-D brand; sugar substitute products under the Sugar Free Gold+, Sugar Free Natura, Sugar Free Green, and I'm lite brands; Milk-based nutrition drink products under the Complan brand; table spreads under the Nutralite brand; skin cleansing products under the Everyuth brand; hair color products under the Cuticolor brand; heat powder under the Nycil brand; and healthy eating products, such as snack bars, protein bars, breakfast cookies, and protein chips under the RiteBite brand. The company also offers plant-based supplements, vitamins and minerals, collagens, omegas, probiotics, and micronutrients for adults under the WeightWorld brand; health and wellness products, including multivitamin and vitamin D3 gummies, mushroom-based supplements, and other superfood supplements under the MaxMedix brand; and food supplements for dogs and cats under the Animigo brand. The company was formerly known as Carnation Nutra-Analogue Foods Limited and changed its name to Zydus Wellness Limited in January 2009. The company was founded in 1988 and is headquartered in Ahmedabad, India. Zydus Wellness Limited operates as a subsidiary of Zydus Lifesciences Limited.",0.669,0.041479997,NA,NA,54.974,87.79089,2.8430219,165634457600,0.1,0.6694,0.3176,-0.108
Maruti Suzuki,MARUTI.NS,Consumer Cyclical,Auto Manufacturers,"Maruti Suzuki India Limited manufactures and sells motor vehicles, parts, and accessories in India. The company offers passenger and commercial vehicles, including hatchbacks, sedans, SUVs, MPVs, and vans, as well as light commercial vehicles. It is also involved in the facilitation of pre-owned car sales, fleet management, and car financing activities. In addition, the company offers driving school, insurance, accessories, and financing products and services. It also exports its products to South Africa, Saudi Arabia, Chile, Japan, Mexico, and internationally. The company was formerly known as Maruti Udyog Limited and changed its name to Maruti Suzuki India Limited in September 2007. The company was incorporated in 1981 and is headquartered in New Delhi, India. Maruti Suzuki India Limited operates as a subsidiary of Suzuki Motor Corporation.",0.359,0.07269,NA,NA,0.096,26.31579,3.539922,3793266933760,-0.251,0.1744,0.2213,0.228
Mahindra & Mahindra,M&M.NS,Consumer Cyclical,Auto Manufacturers,"Mahindra & Mahindra Limited provides mobility products and farm solutions in India and internationally. It operates through Automotive; Farm Equipment; Auto Investments; Farm Investments; and Investments in Industrial Businesses and Consumer Services segments. The Automotive segment provides automobiles, two wheelers, spares, construction equipment and related services. The Farm Equipment segment sells tractors, implements, spares, powerol, and related services. The Auto Investments segment invests in automotive-related subsidiaries, associates and joint ventures. The Farm Investments segment is involved in the investment of farm equipment related subsidiaries, associates, and joint ventures. The Industrial Businesses and Consumer Services' segment invests in automotive & farm related subsidiaries, associates and joint ventures. The company was incorporated in 1945 and is headquartered in Mumbai, India.",0.275,0.08609,NA,NA,125.278,18.148659,3.643348,3644313305088,-0.1312,0.9593,0.2872,0.28
Bajaj Auto,BAJAJ-AUTO.NS,Consumer Cyclical,Auto Manufacturers,"Bajaj Auto Limited, together with its subsidiaries, engages in the development, manufacture, and distribution of automobiles in India and internationally. The company offers motorcycles, bikes, commercial vehicles, electric two-wheelers, and three-wheeler, as well as related parts and accessories. It also provides financing services for automobiles, as well as exports its products. The company was founded in 1945 and is based in Pune, India.",0.64,0.16251,NA,NA,56.352,26.840353,8.119636,3100061990912,0.2859,1.3471,0.2542,0.635
Eicher Motors,EICHERMOT.NS,Consumer Cyclical,Auto Manufacturers,"Eicher Motors Limited, an automobile company, engages in the manufacture and sale of motorcycles and commercial vehicles in India and internationally. The company designs, develops, manufactures, assembles, and sells two-wheelers, as well as related parts and accessories; motorcycle accessories; protective and performance gears; and lifestyle apparel products and accessories. It also provides motorcycle accessories; protective and performance gears; lifestyle apparel products and accessories; and parts and service support for riders across markets. In addition, the company owns the Royal Enfield motorcycle brand that offers Classic 350, Bullet 350, Meteor 350, Hunter 350, Himalayan 450, Scram 440 ADV Crossover, Interceptor 650, Bear 650, Guerrilla 450 modern roadster, Continental GT 650, Super Meteor 650, and Shotgun 650 models. The company was founded in 1901 and is headquartered in Chennai, India.",0.315,0.23211999,NA,NA,2.048,34.96437,8.043584,2020479729664,0.0646,1.2491,0.253,0.224
Hero MotoCorp,HEROMOTOCO.NS,Consumer Cyclical,Auto Manufacturers,"Hero MotoCorp Limited primarily engages in the manufacture and sale of motorised two wheelers, spare parts and related services in India, Germany, Asia, Central and Latin America, Africa, and the Middle East. The company offers motorcycles and scooters, as well as electric scooters. It provides engines and accessories, as well as non-banking financial and other related services. The company is also involved in merchandise business. The company was formerly known as Hero Honda Motors Ltd. and changed its name to Hero MotoCorp Limited in July 2011. Hero MotoCorp Limited was incorporated in 1984 and is based in New Delhi, India.",0.349,0.10724,NA,NA,3.57,20.080921,4.9626184,1072756817920,0.0356,0.9967,0.2605,0.468
TVS Motor Company,TVSMOTOR.NS,Consumer Cyclical,Auto Manufacturers,"TVS Motor Company Limited, together with its subsidiaries, engages in the manufacture and sale of automotive vehicles and components, spare parts, and accessories in India and internationally. The company operates through Automotive Vehicles & Parts and Related Investments; and Investment Held in Financial Services segments. The company offers motorcycles under the Apache RTR, Apache RR, Ronin, Raider, Radeon, StaR City+, HLX, and Sport brand names; scooters under the Jupiter, Neo, Ntorq, and Zest brands; electric vehicles under the TVS X, Orbiter, and iQUBE brands; mopeds under the XL 100 brand name; and three wheelers under the TVS King brand name. It also provides e-bikes under the Cilo, Simpel, Zenith, and Allegro brands; e-cargo bikes and accessories; and electric mobility, predictive analytics, and industrial IoT solutions. In addition, the company is involved in procurement, refurbishment, and retailing of the pre-owned multi-brand two-wheeler motorcycles and scooters; and development, design, manufacture, sale and distribution of high-tech products and components in the field of personal e-mobility. Further, it offers financing services for two and three wheelers, used and new tractors and commercial vehicles, consumer durables, personal loan, gold loan, and mid corporate loans. The company was incorporated in 1992 and is headquartered in Chennai, India. TVS Motor Company Limited operates as a subsidiary of TVS Holdings Limited.",0.343,0.05691,NA,NA,306.09,56.817,59.125618,1975657955328,0.224,1.775,0.2672,-0.044
Ashok Leyland,ASHOKLEY.NS,Industrials,Farm & Heavy Construction Machinery,"Ashok Leyland Limited, together with its subsidiaries, manufactures and sells commercial vehicles in India. It operates in Commercial Vehicle and Financial Service segments. The company offers ICV trucks, haulage vehicles, tractors, and tippers; buses; light commercial vehicle goods carriers and passenger vehicles, and small commercial vehicle goods carriers; defense vehicles, such as armored, high mobility, specialist, and logistics vehicles; transit mixers for use in construction and mining operations; and tanker trucks, reefers, ambulances, and other custom-built vehicles. It also provides power solutions, such as diesel gensets, agriculture and industrial non-emission and emission engines, and marine genset and propulsion engines; spare parts; forgings and castings; manpower supply, air chartering, and IT services; and vehicle and housing financing services. In addition, the company trades in commercial vehicles; and operates retail parts stores. Further, it provides at-site and e-commerce service support; AL Revive Program, which restores accident vehicles; technical and driving training; AL Care, a one-stop solution designed to take care of service needs; iAlert, a telematics solution for vehicle and fuel platforms; uptime solution centers; AL Live, which provides live location tracking of mobile service vans; Re-AL, a vehicle buying, selling, and exchange platform; and LeyKart app. The company serves various customer categories, including commercial fleet operators, retail customers, government, industrial customers, defense and military customers, and special application vehicle customers through its distributors. It also exports its products to the Middle East, Africa, South Asia, Latin America, and the Commonwealth of Independent States countries. Ashok Leyland Limited was incorporated in 1948 and is headquartered in Chennai, India. Ashok Leyland Limited operates as a subsidiary of Hinduja Automotive Limited.",0.116,0.06021,NA,NA,344.737,26.602007,6.5610824,934412746752,0.1598,0.8867,0.323,0.45
Escorts Kubota,ESCORTS.NS,Industrials,Farm & Heavy Construction Machinery,"Escorts Kubota Limited manufactures and sells agricultural and construction equipment in India and internationally. The company offers rotavators, straw reapers, super seeders, MB ploughs, orchard sprayers, paddy harvesters, seed drills, and rice transplanters; filters, pumps, engine assemblies, gear parts, clutch systems, hydraulic pumps, cylinders, lubricants, oils, and service kits; and generator and diesel engines; and cranes, soil compactors, backhoe loaders, tandem rollers, and mini excavators. It also provides agricultural tractors; construction, earth moving, and material handling equipment; and round and flat tubes, heating elements, center buffer couplers, automobile shock absorbers, telescopic front fork and Mcpherson struts, internal combustion engines, and brake blocks. In addition, the company develops, produces, and imports parts and accessories, as well as provides maintenance and warranty, crop, and financing services. It offer its products under the Farmtrac, Powertrac, Digitrac, Steeltrac, Farmpower, and Kubota brands. The company was formerly known as Escorts Limited and changed its name to Escorts Kubota Limited in June 2022. Escorts Kubota Limited was incorporated in 1944 and is based in Faridabad, India. Escorts Kubota Limited is a subsidiary of Kubota Corporation.",0.283,0.11291,NA,NA,1.309,22.732843,2.5821848,314205208576,-0.2243,-0.1014,0.2947,0.28
Force Motors,FORCEMOT.NS,Consumer Cyclical,Auto Manufacturers,"Force Motors Limited, an integrated automobile company, designs, develops, manufactures, and sells a range of automotive components, aggregates, and vehicles in India. The company provides passenger vehicles, ambulances, school buses, and delivery van; small commercial, light commercial, multi utility vehicles, special vehicles, and spare parts; special utility vehicles, such as mobile medical units, police vans, prison vans, troop carriers, and safari vehicles; and agricultural tractors. Its product portfolio consists of urbania, a ground-up modular monocoque van platform for shared urban mobility; traveller, a platform that caters to passenger transport, cargo delivery, ambulances, and school buses; monobus; trax, a rugged utility vehicle platform for rural and last mile transport; special application vehicles; gurkha off-road vehicle; and electric vehicles. In addition, the company offers shared mobility solutions, commercial fleets, specialized transport, and defense solutions. It exports its products to various countries in the Middle East, Asia, Latin America, and Africa. The company was incorporated in 1958 and is based in Pune, India. Force Motors Limited operates as a subsidiary of Jaya Hind Industries Pvt. Ltd.",0.062,0.13607,NA,NA,NA,18.050451,5.5595045,229108842496,-0.0182,3.6741,0.5287,0.647
Atul Auto,ATULAUTO.NS,Consumer Cyclical,Auto Manufacturers,"Atul Auto Limited manufactures and sells three-wheeler automobiles in India. It operates through Automobiles Business and Non Banking Financial Business segments. The company offers cargo, passenger, and e-rickshaw vehicles, as well as spare parts and accessories. It is also involved in retail finance business. The company sells its products under the Atul RIK, Atul GEM, Atul Elite, Atul:E, Atul Shakti, and Atul Gemini+ brands. It also exports its products. Atul Auto Limited was founded in 1970 and is headquartered in Rajkot, India.",0.43,0.05308,NA,NA,29.494,26.244144,2.5723944,12439511040,-0.0822,-0.2149,0.4428,0.227
MRF,MRF.NS,Consumer Cyclical,Auto Parts,"MRF Limited, together with its subsidiaries, engages in the manufacture and sale of rubber products in India and internationally. The company provides tires for passenger cars, two wheelers, farms, trucks, OTR, SCV, LCV, pick up, three-wheeler, MCV, ICV, tubes, and flap products; tread rubber product; and manufactures specialty coatings. It is also involved in the paints and coats, sports goods, pretreads, and motorsports businesses; and heavy-duty truck/bus tyres, light truck, MUV/RCV/passenger cars, farm services, military services, fork-lift, off the road/earth movers, and MRF commercial tyres products. In addition, the company offers MRF tyres and services that provide buy tyres, tubeless repair, purest nitrogen filling, wheel alignment and balancing, and tire changing; MRF TireTok which offers robotic wheel aligner, vehicle safety test lane, diagnostic wheel balancer, semi-automatic tyre changer, A/C recovery and recharging unit, electronic headlight aligner, nitrogen generator membrane type, and special two-wheeler tire changer; MRF Tyredrome; MRF FASST that offers wheels removal and refitment, nitrogen inflation, and tire mounting and de-mounting services; and MRF MuscleZone, as well as provides training for light and heavy commercial vehicle driving. MRF Limited was founded in 1946 and is based in Chennai, India.",0.096,0.075840004,NA,NA,15.288,21.747896,2.5080392,526050164736,-0.2035,0.1392,0.2204,0.146
Apollo Tyres,APOLLOTYRE.NS,Consumer Cyclical,Auto Parts,"Apollo Tyres Limited manufactures and sells automotive tires, tubes, and flaps in India and internationally. It offers tires for commercial and passenger vehicles, two-wheelers, trucks and buses, off-highway vehicles, light trucks, earthmovers, and bicycles, as well as for agricultural, farm, and industrial applications. The company provides its products under the Apollo Tyres and Vredestein Tyres brands. Apollo Tyres Limited was incorporated in 1972 and is headquartered in Gurugram, India.",0.128,0.05829,NA,NA,21.987,14.747513,1.514171,253095788544,-0.1785,0.0974,0.2807,0.149
CEAT,CEATLTD.NS,Consumer Cyclical,Auto Parts,"CEAT Limited manufactures automotive tyres, tubes, and flaps in India and internationally. The company offers a range of tyres for rubber tires and tubes for scooters, bikes, two and three wheelers, cars, buses, LCVs, trucks, and tractors, as well as agricultural and industrial radial tyres. It also exports its products. The company was formerly known as CEAT Tyres of India Limited and changed its name to CEAT Limited in 1990. The company was founded in 1924 and is headquartered in Mumbai, India. CEAT Limited operates as a subsidiary of RPG Enterprises Limited.",0.223,0.03583,NA,NA,64.742,22.977585,2.3046825,135596793856,-0.0194,0.6115,0.3538,0.464
Samvardhana Motherson,MOTHERSON.NS,Consumer Cyclical,Auto Parts,"Samvardhana Motherson International Limited, together with its subsidiaries, manufactures and sells components to automotive original equipment manufacturers in India, Germany, the United States, and internationally. It operates through Wiring Harness, Modules and Polymer Products, Vision Systems, Integrated Assemblies, and Emerging Businesses segments. The company offers wiring harness components, power modules, electrical cabinets and power packs, and electrical distribution systems; and exterior and interior rearview mirrors, and camera monitoring systems. It also provides plastic parts and system modules for vehicle interiors and exteriors, under-bonnet products, upholstery, sunroofs, and fuel tanks; cockpit modules, centre consoles, headliners, door panels, and exterior front-end modules, as well as value-added module assemblies; and full module service and system integration, and logistic services. In addition, the company engages in emerging businesses, including elastomers and extruded rubber components, lighting and electronics, precision metals and modules, technology and industrial, aerospace, and health and medical solutions; provision of HVAC and compressors, body control modules, struts, shock absorbers, and backward integration products; and other support services, such as engineering, consultation, project management, and turnkey solutions, as well as operation of an industrial park; and OEM-certified products, such as vehicle lighting and accessories, plastic components, safety systems, wiring harnesses, and body electronics. Further, it offers enterprise resource planning system; waste recycling; and product engineering, in-house application tooling, and testing and validation services. The company was formerly known as Motherson Sumi Systems Limited and changed its name to Samvardhana Motherson International Limited in May 2022. The company was founded in 1975 and is headquartered in Noida, India.",0.166,0.033570003,NA,NA,43.908,39.08255,4.2585835,1745130356736,0.5801,1.6077,0.3393,1.044
Balkrishna Industries,BALKRISIND.NS,Consumer Cyclical,Auto Parts,"Balkrishna Industries Limited manufactures and sells tires under the BKT brand in India, Europe, North America, and internationally. The company provides manufacturing and selling of off-highway tires (OHT) for use in various applications, such as agriculture, construction, earthmoving, mining and quarrying, industry, and port operations. It also offers two-wheeler, passenger car radial, and commercial vehicle radial tyres, as well as carbon black. Balkrishna Industries Limited was incorporated in 1961 and is headquartered in Mumbai, India.",0.252,0.12203,NA,NA,37.524,30.09226,3.856185,422456066048,-0.1256,-0.1381,0.3046,0.352
Sun Pharmaceutical,SUNPHARMA.NS,Healthcare,Drug Manufacturers - Specialty & Generic,"Sun Pharmaceutical Industries Limited, a generic pharmaceutical company, develops, manufactures, and markets branded and generic formulations, and active pharmaceutical ingredients (APIs) in India, the United States, and internationally. The company offers formulations in various therapeutic areas, including neuropsychiatry, cardiology, diabetes, gastroenterology, pain/analgesics, gynecology, ophthalmology, urology, dermatology, respiratory, anti-infectives, oncology, psychiatry, neurology, orthopaedic, nephrology, dental, and nutritionals. It also provides generic medications, such as tablets, capsules, injectables, inhalers, ointments, creams, and liquids; specialty medications; antiretrovirals medications; and over-the-counter products, such as vitamins, analgesics, digestives, and lifestyle. In addition, the company offers generics and APIs for anti-cancers, peptides, steroids, sex hormones, immunosuppressant drugs, and controlled substances. Sun Pharmaceutical Industries Limited was founded in 1983 and is headquartered in Mumbai, India.",0.105,0.20188999,NA,NA,5.517,36.808426,5.3177533,4444048064512,0.1473,0.6912,0.196,0.121
Dr Reddy's Laboratories,DRREDDY.NS,Healthcare,Drug Manufacturers - Specialty & Generic,"Dr. Reddy's Laboratories Limited, together with its subsidiaries, operates as an integrated pharmaceutical company North America, Europe, India, Russia, and internationally. The company operates through Global Generics, Pharmaceutical Services and Active Ingredients (PSAI), and Others segment. Its Global Generics segment manufactures and markets prescription and over-the-counter finished pharmaceutical products that are marketed under a brand name or as a generic finished dosages with therapeutic equivalence to branded formulations, as well as engages in the biologics business. The PSAI segment manufactures and markets active pharmaceutical ingredients and intermediates, which are principal ingredients for finished pharmaceutical products. This segment also provides contract research services; and manufactures and sells active pharmaceutical ingredients and steroids with the customer requirements. Its Others segment engages in developing therapies in the fields of oncology and inflammation; and research, development, and commercialization of differentiated formulations. The company offers its products for various therapeutic categories, including gastro-intestinal, cardiovascular, anti-diabetic, dermatology, oncology, respiratory, stomatology, urology, and nephrology, vaccines, vitamins and minerals, and pain management. Dr. Reddy's Laboratories Limited was incorporated in 1984 and is headquartered in Hyderabad, India.",-0.056,0.09996,0.088369995,0.040149998,18.605,30.213837,2.609134,1000419295232,-0.0522,0.1248,0.2159,0.242
Cipla,CIPLA.NS,Healthcare,Drug Manufacturers - Specialty & Generic,"Cipla Limited, together with its subsidiaries, manufactures, develops, sells, and distributes pharmaceutical products in India, the United States, South Africa, and internationally. It offers generic and branded generic medicines, vaccines, active pharmaceutical ingredients, and formulations for various therapeutic areas, such as MI, angina, heart disease, pulmonary disease, kidney disorders, alzheimer's disease, hypertension, arrhythmia, lipid abnormalities and diabetes, obesity, central nervous system, HIV/AIDS, respiratory, asthma, urology, oncology, cardio-metabolism, child health, infectious diseases and critical care, hepatitis, women's health, ophthalmology, and neuro psychiatry. The company is also involved in the consumer healthcare, biosimilars, and specialty businesses. Cipla Limited was incorporated in 1935 and is based in Mumbai, India.",0.035,0.12009,NA,NA,1.778,33.5579,3.2837305,1130776363008,-0.0642,0.221,0.2271,0.078
Divi's Laboratories,DIVISLAB.NS,Healthcare,Drug Manufacturers - Specialty & Generic,"Divi's Laboratories Limited engages in the manufacture and sale of generic active pharmaceutical ingredients (APIs), intermediates, and nutraceuticals in India, North America, Asia, Europe, and internationally. The company also undertakes custom synthesis contract manufacturing services of APIs and intermediates; and supplies a range of carotenoids, such as astaxanthin, beta-carotene, lycopene, canthaxanthin, apocarotenal, and vitamins used in the food, beverage, dietary supplement, pet food, and feed industries. It also exports its products. The company was formerly known as Divi's Research Center and changed its name to Divi's Laboratories Limited in 1994. Divi's Laboratories Limited was incorporated in 1990 and is based in Hyderabad, India.",0.278,0.26046,NA,NA,0.042,87.11737,15.235819,2553674989568,0.5934,1.6136,0.2499,0.245
Lupin,LUPIN.NS,Healthcare,Drug Manufacturers - Specialty & Generic,"Lupin Limited, together with its subsidiaries, operates as a pharmaceutical company in India, the United States, and internationally. The company operates in two segments: Pharmaceuticals and Others. It produces, develops, and markets various branded and generic formulations, biotechnology products, and active pharmaceutical ingredients (APIs). The company also offers products in the therapeutic areas of cardiovascular, diabetology, asthama, pediatrics, central nervous system, gastro-intestinal, anti-infectives, anti-TB, cephalosporins, and nonsteroidal anti-inflammatory drug therapies. In addition, it provides chronic therapies, and hospital-based products; products for diabetes and iron supplements for anemia, and a Budesonide-Formoterol combination for asthma. Further, the company is involved in the provision of diagnostics services, and digital healthcare services; and neuro rehabilition business. It operates through network consisting of labs and collection centers. The company has a strategic collaboration with TB Alliance to support the clinical development and commercialization of Telacebec for the treatment of tuberculosis, leprosy, and buruli ulcer. The company was formerly known as Lupin Chemicals Limited and changed its name to Lupin Limited in 2001. Lupin Limited was founded in 1968 and is headquartered in Mumbai, India.",0.32,0.18450001,NA,NA,29.388,17.391304,4.260545,956650618880,0.0732,0.9176,0.248,0.163
Aurobindo Pharma,AUROPHARMA.NS,Healthcare,Drug Manufacturers - Specialty & Generic,"Aurobindo Pharma Limited, a pharmaceutical company, develops, manufactures, and commercializes generic pharmaceuticals in India, the United States, Europe, and internationally. The company manufactures a range of finished formulation products in various forms, such as oral solids, liquids, injectables for generic pharmaceuticals, branded specialty pharmaceuticals, and active pharmaceutical ingredients for CNS, anti-retroviral, cardiovascular, antibiotics, gastroenterology, anti-diabetics, and anti-allergic therapeutic areas. It also provides ointments, creams, gels, powders, transdermal, and lotions; antiretroviral drugs for PLHIV & CLHIV; and injectable products, including Penems, Penicillin, Cephalosporin, ophthalmic, inhalation, oncology, and hormone products. The company was incorporated in 1986 and is headquartered in Hyderabad, India.",0.163,0.10627,NA,NA,21.31,26.733292,2.6241932,985046974464,0.5461,0.9803,0.2818,0.033
Torrent Pharmaceuticals,TORNTPHARM.NS,Healthcare,Drug Manufacturers - Specialty & Generic,"Torrent Pharmaceuticals Limited engages in the research, development, manufacturing, marketing, and distribution of branded and generic pharmaceutical formulations in India, the United States, Brazil, Germany, Malta, and internationally. The company offers products in various therapeutic areas, including anti-diabetic, anti-microbial, cardiovascular, CNS, urology, gynecology, oncology, gastro-intestinal, nephrology, neuro-psychiatric, dermatology, pulmonology, pediatric treatments, nutritional, pain management, anti-infective, and miscellaneous, as well as vitamins, minerals, and nutrients. It also provides contract manufacturing services. The company offers its products under Tedibar, Shelcal, Unienzyme, ProZuca, and Ahaglow brands. The company was formerly known as Trinity Laboratories and changed its name to Torrent Pharmaceuticals Limited in 1971. The company was founded in 1959 and is based in Ahmedabad, India. Torrent Pharmaceuticals Limited is a subsidiary of Torrent Investments Private Limited.",0.548,0.13874,NA,NA,85.446,78.74507,20.12693,1897465118720,0.425,1.7798,0.2232,0.137
Alkem Laboratories,ALKEM.NS,Healthcare,Drug Manufacturers - Specialty & Generic,"Alkem Laboratories Limited, a pharmaceutical company, engages in the research and development, manufacture, and sale of pharmaceutical and nutraceutical products in India, the United States, and internationally. The company offers biosimilars, active pharmaceutical ingredients, branded and trade generics, complex generics, and consumer wellness products in therapeutic areas comprising anti  infective, anti-osteoporosis, cardiology, neurology, dermatology, diabetology, gastroenterology, gynecology, oncology, ophthalmology, respiratory, rheumatology, central nervous system, anti-diabetic, iron deficiency, pain management, and urology, as well as vitamins, minerals, and nutrients. It also provides cough syrups, hepatoprotective tonic, anti-dandruff shampoo, mouth wash, pregnancy detection kits, and condoms; and anti-bloating syrups, tablets, and powder. Alkem Laboratories Limited was incorporated in 1973 and is based in Mumbai, India.",0.109,0.14306,NA,NA,14.267,29.210745,4.5628166,630585819136,-0.0299,0.5385,0.2413,0.281
Zydus Lifesciences,ZYDUSLIFE.NS,Healthcare,Drug Manufacturers - Specialty & Generic,"Zydus Lifesciences Limited engages in the research, development, production, marketing, distribution, and sale of pharmaceutical products in India, the United States, Europe, and internationally. It operates through three segments: Pharmaceuticals, Consumer Products, and Medical Technologies. The company offers active pharmaceutical ingredients, human and finished dosage formulations, generics, branded generics, specialty formulations, biosimilars, vaccines, novel therapeutics, medical devices and technologies, consumer wellness, veterinary, and animal health products. It also provides biological products in the areas of oncology, autoimmune disorders, nephrology, inflammation, rheumatology, hepatology, and infectious diseases; and designs and executes clinical trials across new chemical entities (NCEs), biologics, vaccines, and specialty generics. In addition, the company operates seasonal, skin and healthcare, and food and nutrition products under the Glucon D, Complan, Sugar Free, Nycil, Everyuth, Nutralite, and RiteBite Max Protein brands. The company was formerly known as Cadila Healthcare Limited and changed its name to Zydus Lifesciences Limited in February 2022. Zydus Lifesciences Limited was founded in 1952 and is headquartered in Ahmedabad, India. Zydus Lifesciences Limited is a subsidiary of Zydus Family Trust.",0.22,0.15784,NA,NA,42.304,26.314754,4.468256,1200894902272,0.1822,1.0251,0.2498,0.371
Biocon,BIOCON.NS,Healthcare,Biotechnology,"Biocon Limited, together with its subsidiaries, manufactures biotechnology products and offers research services in India, the United States, Ireland, rest of the European Union, and internationally. It operates through Generics; Biosimilars; and Contract Research, Development and Manufacturing Organization (CRDMO) segments. The company offers generic formulations and API products, including cardiovascular, anti-diabetics, obesity, central nervous system, anti-cancer/oncology, multiple sclerosis, immunosuppressants, and specialty molecules; and biosimilars products for oncology, diabetes, and immunology therapeutic areas. It also provides integrated discovery, development, and manufacturing services to pharmaceutical, biotechnology, animal health, consumer goods, and specialty chemical industries, as well as academic institutions, non-profit organizations, and government agencies. In addition, the company offers enzyme, biopharmaceutical, and medicinal goods; contract research and manufacturing services; clinical research; and business support and development, and marketing services. Biocon Limited was incorporated in 1978 and is headquartered in Bengaluru, India.",0.1,0.0286,NA,NA,42.145,112.39706,1.8185755,622252457984,0.0749,0.4527,0.32,0.303
Glenmark Pharmaceuticals,GLENMARK.NS,Healthcare,Drug Manufacturers - Specialty & Generic,"Glenmark Pharmaceuticals Limited, together with its subsidiaries, research, develops, manufactures, and sells generics, specialty medicines, and over the counter (OTC) pharmaceutical products in India, North America, Europe, and internationally. The company provides various products in the therapeutic areas of dermatology, respiratory, oncology, cardiology, diabetes, gynecology, gastroenterology, and anti-infective in the dosage forms of complex injectables and biologics, oral solids, liquids, topical products, and respiratory-metered dose inhaler, dry powder inhaler, and nasal sprays. Its product pipeline includes ISB 2001, a CD38 x BCMA x CD3 trispecific T cell engager, which is in Phase 1 clinical trial for indication of multiple myeloma; ISB 2301, a Multispecific Immune Cell Activator that is in preclinical trial for solid tumors; ISB 2302, a bispecific immune modulator with an indication for hematologic and solid tumors; and ISB 2501, a trispecific T-cell engager indicated for solid tumors. The company's pipeline also comprises ISB 880, an IL-1RAP antagonist monoclonal antibody, which is in Phase 2 clinical trial for the treatment of hidradenitis suppurativa; and telazorlimab and ISB 830-X8, a OX40 antagonist mAb for the treatment of atopic dermatitis. In addition, the company offers Ryaltris, fixed-dose nasal spray for the treatment of allergic rhinitis. The company was incorporated in 1977 and is based in Mumbai, India.",0.231,0.10137,NA,NA,5.646,38.16549,6.3896904,671694716928,0.1747,2.0445,0.3048,0.26
IPCA Laboratories,IPCALAB.NS,Healthcare,Drug Manufacturers - Specialty & Generic,"Ipca Laboratories Limited, an integrated pharmaceutical company, manufactures and markets formulations and active pharmaceutical ingredients (APIs) for various therapeutic segments in India. The company offers APIs in anti-hypertensive, anti-malarial, diuretic, DMARD, and anthelmintic therapeutic areas. It also provides generic and branded formulations in various therapeutic segments, including allergy, anti-neoplastic/cancer drugs, anti-arthritic, anti-epileptic, anti-hypertensive, cardiology, dermatology, diabetes, diabetology, emollients/protectives, fever, gastroenterology, haematology, helminthics, hepatoprotectives, immunosuppressant, infectious diseases, malaria, neurology, neuropathic pain, and NSAIDs, as well as nutraceuticals, ophthalmology, oral anti diabetes drug, orthopedics, probiotics, psychiatry, regenerative, respiratory, rheumatology, and urology. The company also exports its products to Europe, Africa, the Americas, rest of Asia, the Commonwealth of Independent States, and Australasia. Ipca Laboratories Limited was incorporated in 1949 and is based in Mumbai, India.",0.208,0.12935,NA,NA,8.492,38.105183,6.200546,500000292864,0.4364,1.2599,0.3013,0.055
Laurus Labs,LAURUSLABS.NS,Healthcare,Drug Manufacturers - Specialty & Generic,"Laurus Labs Limited, together with its subsidiaries, manufactures and sells medicines and active pharmaceutical ingredients (APIs) in India and internationally. The company offers Generics APIs and solid oral drug products for intermediates for anti-retroviral (ARV), anti-diabetic, cardiovascular, anti-asthma, ophthalmology, oncology, and gastroenterology. It also develops and manufactures animal-origin-free recombinant proteins and cell-culture media supplements and research and development services, including drug substance development, drug product development, and biologics development. In addition, the company offers non-human ingredients; rare disease therapeutics; and finished dosages. Laurus Labs Limited was incorporated in 2005 and is based in Hyderabad, India.",0.291,0.1504,NA,NA,46.369,100.0,20.443087,1084406562816,1.2432,4.1934,0.3227,0.361
Abbott India,ABBOTINDIA.NS,Healthcare,Drug Manufacturers - Specialty & Generic,"Abbott India Limited, together with its subsidiaries, operates as a pharmaceutical company in India. The company offers pharmaceutical products for gastroenterology, women's health, metabolic, hypothyroidism, central nervous system, vaccines, and multispecialty, including insomnia, vertigo, vitamin D deficiency, pre-term labor, and pain management. It also provides anti-infectives, cardio-diabeto, GI & hepato, hormones, neuro-psychiat, respiratory, hepatic, neuroscience, metabolics, gennext, and consumer care products. The company was formerly known as Knoll Pharmaceuticals Limited and changed its name to Abbott India Limited in July 2002. The company was founded in 1910 and is headquartered in Mumbai, India. Abbott India Limited operates as a subsidiary of Abbott Capital India Limited.",0.043,0.23052,NA,NA,3.602,35.46057,11.997324,572774940672,-0.0905,0.2483,0.2231,0.043
Pfizer India,PFIZER.NS,Healthcare,Drug Manufacturers - General,"Pfizer Limited engages in manufacturing, marketing, trading, and distribution of pharmaceutical products in India and internationally. It offers therapy area and products, such as vaccines, injectables and anti-infectives, inflammation and immunology, and internal medicine for cardiovascular care, oncology, respiratory, multivitamins and multimineral, neuroscience, women's health, gastroenterology, pain management, and nutrition, addressing. The company also offers anti-infectives services to hospitals and nursing homes. It sells its products through a network of independent distributors. Pfizer Limited was incorporated in 1950 and is based in Mumbai, India.",0.083,0.28608,NA,NA,1.671,25.189196,4.3547926,183027531776,-0.1877,0.0965,0.2551,0.117
GlaxoSmithKline Pharma,GLAXO.NS,Healthcare,Drug Manufacturers - General,"GlaxoSmithKline Pharmaceuticals Limited manufactures, distributes, and trades in pharmaceuticals in India and internationally. The company offers adult and pediatric vaccines, such as Shingrix, Havrix, Fluarix Tetra, Varilrix, Infanrix Hexa, Boostrix, Synflorix, Menveo, and Priorix. It also provides respiratory specialty medicines, such as NUCALA for severe eosinophilic asthma, eosinophilic granulomatosis with polyangiitis, and hypereosinophilic syndrome; Trelegy Ellipta for the treatment of chronic obstructive pulmonary disease; and Seretide. In addition, the company offers general medicines, including Augmentin, an oral antibiotic for respiratory tract infections, surgical prophylaxis, dental infections, and skin infections; Ceftum, an anti-infective medicine; Calpol and Calpol T for pain management; Eltroxin for the treatment of hypothyroidism; Neosporin, Betnovate, T-bact, Physiogel, Tenovate, and Flutivate for dermatology indications; and CobadexCZS and CCM, which are mineral, vitamins, and nutrition products. Further, it provides oncology medicines, including Jemperli and Zejula. The company was formerly known as SmithKline Beecham Pharmaceuticals India Ltd. and changed its name to GlaxoSmithKline Pharmaceuticals Limited in 2001. The company was incorporated in 1924 and is headquartered in Mumbai, India. GlaxoSmithKline Pharmaceuticals Limited operates as a subsidiary of GSK plc.",0.166,0.27008,NA,NA,1.467,44.629894,21.03702,476996567040,0.0564,0.9416,0.3392,0.079
Natco Pharma,NATCOPHARM.NS,Healthcare,Drug Manufacturers - Specialty & Generic,"NATCO Pharma Limited, a pharmaceutical company, engages in the research and development, manufacturing, and marketing of finished dosage formulations, active pharmaceutical ingredients (APIs), and intermediates in India, the United States, and internationally. It operates through two segments: Pharmaceuticals and Agrochemicals. The company offers formulations in various therapeutic areas, including cancers of blood, liver, kidney, lung, brain, breast, and ovary; and APIs in various categories, such as oncology, central nervous system, pain management, and cardiovascular care. It also provides orthopedic products comprising bisphosphonates, which are oral and injectable drugs; and gastroenterology products consisting of novel drugs for chronic hepatitis-B and hepatitis-C, as well as contract manufacturing services. In addition, the company offers neurology, cardiology and diabetology products for the treatment of hypertension, stable angina, and CHF. Further, the company provides agro chemicals and biological pest management solutions for management of insects, fungicides, herbicides, diseases, and weeds across a range of crops. NATCO Pharma Limited was incorporated in 1981 and is headquartered in Hyderabad, India.",-0.447,0.32839,NA,NA,7.742,13.175824,1.6299556,153071534080,0.0016,0.0042,0.3732,0.163
Ajanta Pharma,AJANTPHARM.NS,Healthcare,Drug Manufacturers - Specialty & Generic,"Ajanta Pharma Limited, together with its subsidiaries, a pharmaceutical formulation company engages in the development, manufacture, and marketing of specialty pharmaceutical finished dosages. The company offers chronic and acute therapies; branded generic products; and a range of dosage forms, including tablets, capsules, eye drops, dry powder suspension, injectables, inhalers, ointments, creams, and liquids. It also serves various therapeutic areas comprising cardiology, dermatology, ophthalmology, gynaecology, nephrology, and pain management. The company operates in India, Africa, Asia, the United States, and internationally. Ajanta Pharma Limited was founded in 1973 and is headquartered in Mumbai, India.",0.248,0.19648,NA,NA,5.874,38.999672,9.7909775,443329642496,0.4193,1.193,0.3046,0.218
Apollo Hospitals,APOLLOHOSP.NS,Healthcare,Medical Care Facilities,"Apollo Hospitals Enterprise Limited, together with its subsidiaries, provides healthcare services in India. It operates through Healthcare Services, Retail Health & Diagnostics, Digital Health & Pharmacy Distribution, and Others segments. The company's healthcare facilities comprise primary, secondary, and tertiary care, as well as specialty facilities. It offers services in cardiac sciences, oncology, neurosciences, gastroenterology, orthopedics, urology, organ transplantation, pulmonology, obstetrics and gynecology, internal medicine, vascular surgery, pediatrics, cosmetology, emergency medicine, bariatric surgery, general surgery, colorectal surgery, dentistry, nephrology, dermatology, endocrinology, preventive medicine, interventional radiology, ophthalmology, and integrative medicine, as well as robotic surgery and genomics. The company also provides project consultancy, medical educational institutes, Medvarsity for e-learning, and research services, as well as acts as an agent for life, general, and health insurance. In addition, it operates hospitals, pharmacies, primary care clinics, and diagnostic centers; short stay facilities, boutique birthing centers, multi-specialty clinics, dental and dialysis facilities, and preventive care; day surgery, diabetes management, and cradle and fertility centers; and Apollo 24/7, a digital health mobile platform that provides teleconsultations, online pharmacy deliveries, home diagnostics, and insurance services. Further, the company engages in the business of bio-banking of tissues. It serves patients, corporate clients, and the government and public sectors. Apollo Hospitals Enterprise Limited was incorporated in 1979 and is based in Chennai, India.",0.206,0.07906,NA,NA,85.146,61.34999,13.48195,1278101815296,0.1688,0.7573,0.2102,0.197
Fortis Healthcare,FORTIS.NS,Healthcare,Medical Care Facilities,"Fortis Healthcare Limited operates as a healthcare delivery service provider in India. The company services in the areas of cardiac science, nephrology, diabetology/endocrinology, foetal medicine, infectious diseases, mental health and behavioral science, oncology, orthopedics, physiotherapy and rehabilitation, rheumatology, urology, nuclear medicine, critical care, emergency and trauma, general surgery, internal medicine, neurointerventional radiology, obstetrics and gynaecology, pediatrics, pediatrics, vascular surgery, and support facilities. It also provides services in the areas of infertility medicine, dental science, endocrine surgery, geriatric medicine, liver transplant and hepatobiliary sciences, neurology, ophthalmology, pain and palliative medicine, pulmonology, thoracic surgery, gastroenterology sciences, dermatology, ENT, haematology, medical generics, neurology, organ transplant, radiology, and transfusion medicines. In addition, the company offers various spectrum integrated healthcare services ranging from clinics to quaternary care facilities and a range of ancillary services, as well as secondary, and tertiary care services. The company's healthcare verticals comprise hospitals, diagnostics, and day care specialty facilities. Fortis Healthcare Limited was incorporated in 1996 and is based in Gurugram, India.",0.175,0.11023,NA,NA,34.15,60.45094,6.3921905,632541675520,-0.0855,1.6524,0.2873,0.652
Max Healthcare,MAXHEALTH.NS,Healthcare,Medical Care Facilities,"Max Healthcare Institute Limited provides medical and healthcare services in India. It offers services in various specialties, including cardiac sciences, orthopedics, oncology, renal sciences, neurosciences, minimal access and general surgery, pulmonology, obstetrics, bone marrow transplant, bariatric/weight loss surgery, gynecology, minimal access/laparoscopic surgery, eye care/ophthalmology, robotic surgery, paediatrics, nephrology, liver and biliary sciences, gastroenterology and GI surgery, internal medicine, organ transplants, and plastic and reconstructive surgery. The company also provides Max@Home, a platform that offers health and wellness services at home; and Max Lab, which provides diagnostic testing services to patients. In addition, it offers organ and tissue donation, preventive health checks, ambulance and immigration, air ambulance, and insurance and TPA services. The company provides healthcare services through a network of primary care clinics, multi-specialty hospitals/medical centres, and super-specialty hospital facilities. Max Healthcare Institute Limited was incorporated in 2001 and is based in Gurugram, India.",0.167,0.16723,NA,NA,32.367,69.93104,9.182038,986936639488,-0.1071,0.8318,0.3354,0.113
Narayana Hrudayalaya,NH.NS,Healthcare,Medical Care Facilities,"Narayana Hrudayalaya Limited provides medical and healthcare services in India, the United Kingdom, and the Cayman Islands. It operates through the Medical and Healthcare Related Services; and Others segments. The company offers oncology, anesthesiology, audiology, blood bank, breast oncology, oncoplastic surgery, cardiac surgery, cardiology, clinical genetics, clinical immunology, clinical nutrition and dietetics, clinical psychology, congenital adult heart disease, cosmetology, cranio-maxillofacial surgery, critical care medicine, dental, dermatology, diabetology, ENT, emergency medicine, endocrinology, family medicine, general and GI surgery, general medicine and surgery, geriatric medicine, gynecology, hematology, headache and facial pain management, transplant, infectious diseases, neurology, radiology, hepatobiliary surgery, gastroenterology, minimal access GI and bariatric surgery, neonatology, nephrology, neuro-otology, neuro-rehabilitation, neurosurgery and spine surgery, and nuclear medicine services. It also provides ophthalmology, orthopedics and joint replacement, pain management and palliative care, pathology, perinatology and fetal intervention, physical medicine and rehabilitation, physiotherapy and physical rehabilitation, plastic surgery, psychiatry, pulmonology, reproductive medicine, rheumatology, renal science, speech and swallow rehabilitation, spine surgery, thoracic and vascular surgery, uro oncology, urology, and other services. In addition, the company acquires, owns, and operates hospitals, clinics, health centers, diagnostic centers, and nursing homes. Further, it provides health insurance, consultancy services in the field of healthcare and hospitals, and IT services related to healthcare. Additionally, the company engages in investment activities; and develops software related to the healthcare industry. The company was incorporated in 2000 and is headquartered in Bengaluru, India.",0.78,0.08996,NA,NA,129.033,46.511745,8.33214,378050052096,0.0844,0.7663,0.3045,0.144
Metropolis Healthcare,METROPOLIS.NS,Healthcare,Diagnostics & Research,"Metropolis Healthcare Limited, together with its subsidiaries, provides pathology and related healthcare services in India and internationally. The company offers routine and specialised pathology tests; advanced diagnostics, including genetic, molecular, and cytogenetic testing; preventive healthcare packages and corporate wellness screening; clinical trial research, hospital lab management, and home collection services; radiology services, including X-ray, sonography and ECG; and next-generation sequencing services. It also provides diagnostic services for oncology, chronic and infectious diseases, gastroenterology, neurology, nephrology, and women and child health, as well as various health checkup and laboratory services. The company serves a range of customers, including direct-to-consumer diagnostics through patient service centers, mobile app, website, and home collection; partnerships with standalone labs, hospital chains, and diagnostic networks; and institutional clients, such as corporates, government bodies, and hospital lab management services. Metropolis Healthcare Limited was founded in 1980 and is headquartered in Mumbai, India.",0.166,0.117910005,NA,NA,15.212,59.815193,7.982571,120862629888,0.1244,0.6393,0.3034,0.205
Dr Lal PathLabs,LALPATHLAB.NS,Healthcare,Diagnostics & Research,"Dr. Lal PathLabs Limited operates laboratories for carrying out pathological investigations in India and internationally. The company provides pathological investigations of various branches of bio-chemistry, hematology, histopathology, microbiology, electrophoresis, immuno-chemistry, immunology, virology, cytology, and other pathological and radiological investigations. It also offers phlebotomist training programs. The company was founded in 1949 and is based in Gurugram, India.",0.191,0.18745,NA,NA,7.83,60.611614,12.997312,325990711296,0.2091,0.6808,0.2784,0.188
Krishna Institute of Medical Sciences,KIMS.NS,Healthcare,Medical Care Facilities,"Krishna Institute of Medical Sciences Limited provides medical and health care services under the KIMS Hospitals brand in India. The company offers arthroscopy and shoulder, cardiology, cardiothoracic and cardiovascular, organ transplant, medical and surgical gastroenterology, hepatology, orthopaedic, neurology, neurosurgery, nephrology, urology, oncology, pediatric, neonatology, obstetrics and gynaecology, fertility, dental science, emergency and critical care, vascular, rehabilitation and physiotherapy services. It also provides pulmonology, diagnostic and imaging, ophthalmology, ENT, rheumatology and clinical immunology, internal medicine, interventional radiology, diabetology, endocrinology, general surgery, infectious disease, dermatology, thoracic surgery, psychiatry, plastic and reconstructive surgery, transfusion medicine, clinical psychology, anesthesiology, and tele medicine services. In addition, the company operates clinical immunology allergy, bone marrow transplantation, hair transplant, andrology, fertility, alzheimer, arthroscopy, bone and joint, breast, dialysis, female urology, IUI, IVF, joint replacement, kidney health and transplant, ICU, spine, stroke, TAVR/TAVI, hepatobiliary surgery, and trauma centers, as well as pain and wellness clinics. Further, it provides bariatric, thoracic, oral maxillofacial, and endovascular surgery services. Krishna Institute of Medical Sciences Limited was incorporated in 1973 and is based in Secunderabad, India.",0.353,0.048499998,NA,NA,166.226,156.3427,13.890324,327668072448,0.0649,0.9787,0.2836,0.287
Rainbow Children's Medicare,RAINBOW.NS,Healthcare,Medical Care Facilities,"Rainbow Children's Medicare Limited operates a multi-specialty pediatric, obstetrics, and gynecology hospital chain in India. The company offers medical and healthcare services to children and women. It also provides pediatric services under brand Rainbow Children's Hospital which include newborn and pediatric intensive care; pediatric multi-specialty services; and pediatric quaternary care, such as multi-organ transplantation. In addition, the company offers women care services under Birthright brand that comprise perinatal care services, such as routine and complex obstetric care, multi-disciplinary fetal care, perinatal genetic and fertility support, and a range of gynecology treatments, as well as operates private pediatric DNB (Diplomate of National Board) training program offering postgraduate and fellowship opportunities to train future healthcare professionals. Rainbow Children's Medicare Limited was incorporated in 1998 and is based in Hyderabad, India.",0.332,0.1568,NA,NA,53.558,50.24497,8.463803,139412783104,-0.0257,0.3384,0.312,0.139
Global Health (Medanta),MEDANTA.NS,Healthcare,Medical Care Facilities,"Global Health Limited, together with its subsidiaries, provides healthcare services in India. The company offers treatments in the areas of digestive and hepatobiliary sciences, cardiac and cancer care, neurosciences, gastrosciences, orthopaedics, renal care, liver transplant, lung transplant, bone marrow transplant, chest surgery, gynaecology and gynaeoncology, paediatric care, obstetrics, emergency, ENT, head and neck surgery, internal medicine, respiratory and sleep medicine, peripheral vascular and endovascular sciences, endocrinology and diabetes, rheumatology and immunology, radiology and imaging, ophthalmology, critical care, dermatology, dentistry, lab and pathology, and dietetics and nutrition, as well as plastic, aesthetic, and reconstructive surgery. It also provides second opinions, lab tests and diagnostics, homecare and elder care services, telemedicine and air ambulance services, and e-ICU services, and health plans checkup services. In addition, the company is involved in trading pharmacy and other medical consumables; and medical and healthcare education activities. The company operates a network of hospitals under the Medanta brand. Global Health Limited was incorporated in 2004 and is based in Gurugram, India.",0.265,0.11875,NA,NA,29.869,72.98194,10.1403,401846632448,0.1318,1.1478,0.3273,0.143
Aster DM Healthcare,ASTERDM.NS,Healthcare,Medical Care Facilities,"Aster DM Quality Care Limited operates as an integrated healthcare provider in India. The company operates through four healthcare brands including Aster DM, CARE Hospitals, Evercare, and KIMSHEALTH. It offers comprehensive healthcare services including primary, secondary, tertiary and quaternary care across key areas including oncology, cardiac sciences, neurosciences, gastro sciences, orthopedics, nephrology, organ transplantation, mother and childcare, and critical care. In addition, the company operates retail pharmacies and optical outlets. Aster DM Quality Care Limited was formerly known as Aster DM Healthcare Limited and changed its name to Aster DM Quality Care Limited in July 2026. The company was founded in 1987 and is based in Hyderabad, India.",0.216,0.065359995,NA,NA,45.921,123.479675,8.552284,661948071936,0.2203,2.0967,0.3325,-0.076
Poly Medicure,POLYMED.NS,Healthcare,Medical Instruments & Supplies,"Poly Medicure Limited engages in the manufacture and sale of medical devices in India and internationally. The company offers infusion therapy products, including I.V Infusion set, extension lines, needle free connector, I.V flow regulator extension set, burette set, three way stop cock, vial access spike, transfer spike, orburator, polyflush, maifolds, polyswab, and arterial blood collection; critical care products, including vial access spikes, arterial cannula, mini mid lines over the wire, extension line, enteral connector, central venous catheters, and huber needle; dialysis and renal care products, comprising peritoneal dialysis set, haemocent, standard and safety fistula needle, dialyzer, bloodlines and dialysis system. It also provides cardiology products PTFE wire, inflation device, Y-connector, manifold, introducer, IV Cannula, hydrophilic wire, guiding catheter, drug eluting stent, PTCA balloon dilation catheter, diagnostic catheter, and electrocardiograph electrodes; vaccular access products; oncology products; diagnostics products, including blood collection tubes, safety blood collection set, blood collection needles, and standard needle holder. In addition, the company offers transfusion system products, including blood bags, blood administration set, and others; anesthesia and respiratory care products, comprising variable concentration masks, oxygen mask with reservoirs, fixed concentration masks, aerosol therapy masks, ventilator circuits, suction catheters, spinal needle, polyciser, oxygen catheter, nebulizer compressor system, twin bore nasal oxygen cannula mucus extractor, HME filter, oro-pharyngeal airways, endotracheal tubes, catheter mount, and brain circuit; urology products, including urine collection bags, leg bag set, irrigation sets, and foley balloon and urine drainage catheters; wound drainage; and gastroenterology products. The company was incorporated in 1995 and is based in New Delhi, India.",0.303,0.15774,NA,NA,11.227,55.251526,5.6272397,174787706880,-0.1496,0.2571,0.4045,0.011
Shalby,SHALBY.NS,Healthcare,Medical Care Facilities,"Shalby Limited operates a chain of multi-specialty hospitals in India and internationally. The company operates through Healthcare Services and Manufacturing segments. It offers rheumatology, knee and hip joint replacement, spine surgery, Paediatric orthopedic and trauma, arthroscopy, and arthroplasty; cardiothoracic and vascular surgery, coronary angiography, angioplasty and stenting, and cardiology services; root canal treatment, dental implants, crowns bridges, dentures, orthodontic treatment, dental cosmetic, teeth whitening, pediatric dentistry, dental veneers, gum treatment, and laser dentistry; dermatology; emergency and general medicine; cochlear implants and balloon sinuplasty; gastroenterology, obesity surgery, and endoscopy and laparoscopy; intensive and critical care; nephrology, urology, kidney transplant, dialysis, and interventional nephrology; and general surgery comprising varicose, hernia, and piles surgery. The company also provides liver transplant; maxillofacial surgery; neurology, ideal stroke treatment, epilepsy, endovascular/interventional neurosurgery, and trans cranial doppler; obstetrics and gynaecology; surgical oncology, medical oncology, radiation oncology, bone marrow transplant, onco-psychology, onco-dietetics, onco-physiotherapy, and home care; ophthalmology; paediatrics; pathology and microbiology; psychiatry; pulmonology and chest; interventional and diagnostic radiology; and robotic joint replacement. The company was formerly known as Shalby Hospitals Limited and changed its name to Shalby Limited in February 2008. Shalby Limited was founded in 1994 and is based in Ahmedabad, India.",0.117,0.03342,NA,NA,59.122,41.09497,1.5586727,15818195968,-0.4138,-0.3681,0.383,0.62
Thyrocare Technologies,THYROCARE.NS,Healthcare,Diagnostics & Research,"Thyrocare Technologies Limited provides diagnostic testing services to patients, laboratories, and hospitals in India. It operates through three segments: Diagnostic Testing Services, Imaging Services, and Others. The Diagnostic Testing Services segment engages in the selling of consumables used for collection, and promotion of pathology. The Imaging Services segment sells radio-pharmaceutical and consumables for reporting. The Others segment engages in the sale of glucometer and glucostrips under the brand name sugarscan. The company offers diagnostic and pathological services. The company was founded in 1996 and is based in Navi Mumbai, India. Thyrocare Technologies Limited is a subsidiary of Docon Technologies Private Limited.",0.243,0.20125,NA,NA,8.65,51.43829,15.409394,90220806144,0.4358,2.2421,0.3856,0.465
Vijaya Diagnostic Centre,VIJAYA.NS,Healthcare,Diagnostics & Research,"Vijaya Diagnostic Centre Limited provides diagnostic services for patients in India. The company offers laboratory services, including clinical pathology, microbiology, haematology, serology, histopathology, cytogenetics, biochemistry, and molecular diagnostics; radiology services, such as CT scan, magnetic resonance imaging (MRI) scan, ultrasound, X-ray, cardiology, and gastroenterology; and advance radiology service comprising nuclear medicine, positron emission tomography CT, and MRI-3T services. It also provides health checkups and home sample collection services, as well as test services. Vijaya Diagnostic Centre Limited was founded in 1981 and is based in Hyderabad, India.",0.228,0.21874,NA,NA,44.15,83.30215,16.2646,155897331712,0.4561,2.3514,0.3989,0.357
Reliance Industries,RELIANCE.NS,Energy,Oil & Gas Refining & Marketing,"Reliance Industries Limited engages in hydrocarbon exploration and production, petroleum refining and marketing, petrochemicals, advanced materials and composites, renewable, financial services, retail, and digital services worldwide. It operates through the Oil to Chemicals, Oil and Gas, Retail, Digital Services, and Others segments. The company is involved in refining and marketing products, including liquefied petroleum gas, propylene, naphtha, gasoline, jet/aviation turbine fuel, kerosine oil, diesel, sulfur, and petroleum coke. It also provides polymers comprising high-density and low-density polyethylene (PE), linear low-density PE, homopolymer, random and impact copolymer, and polyvinyl chloride; fiber intermediates that include purified terephthalic acid, and ethylene glycols and oxide; aromatics, such as paraxylene, ortho xylene, benzene, and linear alkyl benzene and paraffin; and textiles that consist of fabrics, apparel, and auto furnishings. In addition, the company offers elastomers, such as polybutadiene rubber, styrene butadiene rubber, and butyl rubber; fiber and yarn polyesters; and bioenergy solutions, including compressed biogas, and pellets and briquettes. Further, it engages in oil and gas exploration and production activities; operation of various stores comprising supermarkets, hypermarket, wholesale cash and carry, specialty, and online stores; operation of media and entertainment platforms, and Network18 and television channels; and publishing of magazines. Additionally, the company provides highway hospitality and fleet management services, as well as digital services, such as connectivity, fiber, mobile devices, apps, business, and other digital solutions. Reliance Industries Limited was founded in 1957 and is based in Mumbai, India.",0.297,0.066149995,NA,NA,36.653,22.07418,1.8352058,16590810644480,-0.1025,0.0603,0.2096,0.152
Oil & Natural Gas Corporation,ONGC.NS,Energy,Oil & Gas Integrated,"Oil and Natural Gas Corporation Limited, together with its subsidiaries, engages in the exploration, development, and production of crude oil, natural gas, and value-added products in India and internationally. It operates through Exploration and Production, Refining & Marketing, and Petrochemicals segments. The company offers LPG, naptha, ethane, propane and butane, superior kerosene oil, LSHS, high-speed diesel, aviation turbine fuel, liquefied petroleum gas, light diesel oil, MTO, and other products. It also engages in the refining and marketing of petroleum products; provision of petrochemicals, as well as helicopter services; power generation; LNG supply; pipeline transportation; SEZ development; manufacturing of ethanol and sugar; green and renewable energy business; and operating and chartering of fleets. The company also exports its products. Oil and Natural Gas Corporation Limited was founded in 1955 and is based in New Delhi, India.",0.257,0.06181,NA,NA,42.548,6.906588,0.7981726,2967184605184,0.0363,0.4812,0.2927,0.097
Indian Oil Corporation,IOC.NS,Energy,Oil & Gas Refining & Marketing,"Indian Oil Corporation Limited, together with its subsidiaries, engages in the oil, gas, petrochemicals, and alternative energy source businesses in India and internationally. It operates through Sale of Petroleum Products; Sale of Petrochemicals; Sale of Gas; and Other segments. The company is involved in the refining, pipeline transportation and marketing, exploration and production of crude oil and gas, petrochemicals, gas marketing, alternative energy sources; operates crude oil, petroleum product, and natural gas pipelines; research and development, marketing, and petrochemical businesses; wind mill and solar power generation and downstream operations. It also engages in provision of natural gas; city gas distribution; invests in e and p; bulk explosives and blast-based services for coal, iron ore, and copper mining industries; and design and production of vacuum insulated cryogenic storage and transport vessels, such as aluminum cyrocans, small sized industrial use cryogenic vessels, small and large sized cryogenic vessels, and large and heavy pressure vessels, lube, and aviation equipment. In addition, the company offers XP95, XtraGreen, compressed natural gas, petrol gasoline, high speed diesel, XP100, SERVO lubes and greases, autogas, and XTRAPOWER-fleet card; PNG domestic, indane cooking gas, kerosene, non-fuel product, and LPG services; and indoor solar cooking system, indane LPG, bulk industrial fuels, Fuel@Call, aviation fuel, AVGAS 100 LL, marine oils, bitumen, fuel mgmt consumer pumps, non fuel alliances, natural gas, petrochemicals, special products, non PDS superior kerosene oil, consultancy, and technologies for licensing for motorist, households, businesses, society, suppliers, business partner, investor, overseas, and sports. The company was formerly known as Indian Oil Company Limited and changed its name to Indian Oil Corporation Limited in September 1964. Indian Oil Corporation Limited was incorporated in 1959 and is based in New Delhi, India.",0.385,0.0392,NA,NA,58.446,5.62837,0.8512,1916252061696,-0.0228,0.7383,0.3007,0.77
Bharat Petroleum,BPCL.NS,Energy,Oil & Gas Refining & Marketing,"Bharat Petroleum Corporation Limited engages in refining crude oil and marketing petroleum products in India and internationally. It operates through two segments, Downstream Petroleum; and Exploration and Production of Hydrocarbons. The company operates fuel stations that sell motor spirits, high-speed diesel, compressed and liquefied natural gas, automotive liquefied petroleum gas (LPG), and lubricants; operate convenience stores, restaurants, and electric vehicle charging facilities; and offer ATM, money transfer, insurance, and vehicle care services. It also provides LPG for domestic, commercial, and metal cutting gas under the Bharatgas brand name; automobile lubricants, such as automotive engine and gear oils, greases, and specialties, as well as industrial lubricants under the MAK brand; jet fuel; and aviation services, including transportation, storage, and intoplane services. In addition, the company offers industrial fuels products, white oils, bitumen and specialty bitumen, petcoke, sulphur, solvents, petrochemicals, bunkering, and petrochemical feedstock products; and operates pipelines to transport petroleum products. Further, it exports naphtha and fuel oils; and engages in city gas distribution activities. The company's marketing infrastructure includes a network of installations, depots, retail outlets, aviation fueling stations, and LPG distributors. The company was formerly known as Bharat Refineries Limited and changed its name to Bharat Petroleum Corporation Limited in August 1977. Bharat Petroleum Corporation Limited was incorporated in 1952 and is headquartered in Mumbai, India.",0.344,0.034679998,NA,NA,54.332,7.6569867,1.3162779,1318092406784,-0.0177,1.0588,0.3073,0.87
GAIL India,GAIL.NS,Utilities,Utilities - Regulated Gas,"GAIL (India) Limited operates as a natural gas processing and distribution company in India and internationally. It operates through Transmission Services, Natural Gas Marketing, Petrochemicals, LPG and Other Liquid Hydrocarbons, and Other segments. The company is involved in the transmission and marketing of natural gas through pipelines to the power, fertilizer, industrial, automotive, petrochemical, domestic, and commercial sectors; exploration and production activities; and marketing of compressed biogas, city gas, and biofuels. It also produces and markets liquefied petroleum gas (LPG), propane, pentane, naphtha, mixed fuel oil, ethylene, propylene, and polypropylene; and manufactures petrochemicals, such as high-density and linear low-density polyethylene. In addition, the company generates wind and solar power. GAIL (India) Limited was incorporated in 1984 and is based in New Delhi, India.",0.167,0.06698,NA,NA,27.809,11.559571,1.274078,1135516188672,0.024,0.5706,0.3232,0.507
Oil India,OIL.NS,Energy,Oil & Gas Integrated,"Oil India Limited engages in the exploration, development, and production of crude oil and natural gas in India. It operates through Crude Oil, Natural Gas, LPG, Pipeline Transportation, Renewable Energy, and Others segments. The company owns and operates crude oil trunk pipeline comprising an area of 1,157 kilometers; and drilling rigs and workover rigs. It is also involved in the transportation of crude oil and natural gas; and production of Liquefied Petroleum Gas (LPG) and condensate, as well as in the pipeline transportation services. In addition, it generates energy through wind and solar power projects. Oil India Limited was founded in 1889 and is based in Noida, India.",0.577,0.21685,NA,NA,58.741,9.253164,1.332378,772882628608,0.2082,1.8082,0.3924,0.256
Petronet LNG,PETRONET.NS,Energy,Oil & Gas Refining & Marketing,"Petronet LNG Limited engages in the import, storage, regasification, and supply of liquefied natural gas (LNG) in India. It owns and operates an LNG import and regasification terminal with name plate capacity of 22.5 MMTPA located in Dahej, Gujarat; and an LNG terminal with name plate capacity of 5 MMTPA located in Kochi, Kerala. The company was incorporated in 1998 and is based in New Delhi, India.",-0.532,0.113199994,NA,NA,10.507,10.210264,1.9280726,429750026240,0.0975,0.3387,0.3015,0.458
Indraprastha Gas,IGL.NS,Utilities,Utilities - Regulated Gas,"Indraprastha Gas Limited distributes and sells natural gas in India. It supplies compressed natural gas (CNG) to the transport sector; and piped natural gas to domestic, industrial, and commercial sectors. The company operates CNG stations, as well as steel pipeline and MDPE networks. It serves households; hotels, restaurants, malls, commercial complexes, educational/religious institutions, and hospitals; and metal, textiles, food and beverages, pharmaceuticals, chemical, auto and ancillary, and packaging industries. The company was incorporated in 1998 and is headquartered in New Delhi, India.",0.172,0.080819994,NA,NA,0.848,15.981257,1.7625457,202930225152,-0.2792,-0.3246,0.339,0.522
Mahanagar Gas,MGL.NS,Utilities,Utilities - Regulated Gas,"Mahanagar Gas Limited operates as a natural gas distribution company in India. The company supplies piped natural gas (PNG) to domestic households, domestic households, and commercial establishments and industries used for cooking and water heating, as well as by hospitals, nursing homes, hotels, flight kitchens, restaurants, and places of worship. It also supplies compressed natural gas (CNG) and liquefied natural gas (LNG) to vehicles; and sells pipes and fittings required for construction of pipeline infrastructure. The company operates 518 CNG stations connected to 32.14 lakh households; and 5,924 industrial and commercial customers through a pipeline network of 8320 kilometers comprising of carbon steel and polyethylene pipelines. Mahanagar Gas Limited was incorporated in 1995 and is based in Mumbai, India.",0.139,0.08382,NA,NA,3.461,14.788791,1.6463809,105820635136,-0.1526,0.1401,0.3564,0.74
Adani Total Gas,ATGL.NS,Utilities,Utilities - Regulated Gas,"Adani Total Gas Limited engages in the city gas distribution (CGD) business in India. It supplies piped natural gas and compressed natural gas to the domestic, commercial, industrial, and transportation sectors. The company also provides biogas, biofuel, biomass, LCNG, HCNG, EV, and hydrogen. In addition, it manufactures various equipment; and offers value-added services related to the CGD business. The company was formerly known as Adani Gas Limited and changed its name to Adani Total Gas Limited in January 2021. Adani Total Gas Limited was founded in 2004 and is headquartered in Ahmedabad, India.",0.272,0.100839995,NA,NA,58.65,106.18924,13.827911,672698859520,-0.082,-0.0336,0.4875,0.596
Castrol India,CASTROLIND.NS,Energy,Oil & Gas Refining & Marketing,"Castrol India Limited manufactures and markets automotive and industrial lubricants in India and internationally. The company offers engine and transmission oils, brake fluids, coolants, cleaners, and greases; EV transmission fluids, thermal fluids, and greases; and brake fluid chain lubricants, fork oils, gear oils, coolants, diesel exhaust fluids, hydraulic fluids, rust preventives, cleaners, and forming oils. The company offers its products under the Castor EDGE, Castrol's MAGNATEC, Castrol GTX, Castrol ON, Castrol Activ, Castrol POWER1, Castrol GO!, Castrol VECTON, Castrol CRB, and Castrol RX brands. It serves automotive, aerospace, Data centre and IT cooling, machinery manufacturing, power generation, oil and gas, robotics, wind, marine, and other industries. The company was founded in 1910 and is based in Mumbai, India. Castrol India Limited operates as a subsidiary of Castrol Limited.",0.25,0.17066,0.56996,0.24879,2.784,18.152115,10.46549,199476314112,0.0707,0.7106,0.3359,0.311
Gujarat State Petronet,GSPL.NS,Energy/Oil & Gas,NA,"As of May 1. 2026, Gujarat State Petronet Limited was acquired by Gujarat Energy Limited. Gujarat State Petronet Limited transmits natural gas through pipeline on an open access basis from supply points to demand centers in India. The company develops energy transportation infrastructure and connects natural gas supply sources, including LNG terminals to various markets. It also operates city gas distribution and trading of natural gas business, as well as generates electricity through windmills. The company transports natural gas to various customers, including refineries, steel plants, fertilizer plants, petrochemical plants, power plants, glass, textiles, chemical, city gas distribution (CGD) companies, and other industries in various segments. Gujarat State Petronet Limited was incorporated in 1998 and is based in Gandhinagar, India.",-0.109,0.06461,NA,NA,0.876,14.852548,1.3093646,156286550016,NA,NA,NA,0.737
Mangalore Refinery,MRPL.NS,Energy,Oil & Gas Refining & Marketing,"Mangalore Refinery and Petrochemicals Limited engages in refining of crude oil in India and internationally. The company offers bitumen, high speed diesel, MS, Xylol, PetCoke, Sulphur, paraxylene, benzene, heavy aromatics, paraffinic raffinate, reformate, toluene, mineral turpentine oil, and other products, as well as LPG, naphtha, toluene, SKO, and furnace oil; and petrochemical products, such as polypropylene. It also exports its products. The company was incorporated in 1988 and is based in Mangalore, India. Mangalore Refinery and Petrochemicals Limited operates as a subsidiary of Oil and Natural Gas Corporation Limited.",1.204,0.028670002,NA,NA,108.059,9.185268,2.0244758,288477773824,0.2959,0.8336,0.4947,0.093
Chennai Petroleum,CHENNPETRO.NS,Energy,Oil & Gas Refining & Marketing,"Chennai Petroleum Corporation Limited produces and supplies petroleum products in India. The company provides liquefied petroleum gas, naphtha, motor gasoline and spirit, kerosene, aviation turbine fuel, automotive high-speed and high flash diesel, light diesel oil, and bunker and non-bunker fuel oil. It also offers lube products, such as paving bitumen, lube oil base stocks, and extracts. In addition, the company provides paraffin wax, mineral turpentine oil, food grade and pharma grade hexane, petrochemical feedstocks, micro crystalline wax, sulphur, pet-coke, propylene, poly butene feedstock (PBFS), methyl ethyl ketone feedstock, and kerosene supply. Further, it provides asphalt, linear alkyl benzene feedstock, butene-2, lean butene, lean PBFS, isrosene, ISRO naphtha, propylene, butylene feedstock, and missile fuels. The company was formerly known as Madras Refineries Limited and changed its name to Chennai Petroleum Corporation Limited in June 2000. The company was incorporated in 1965 and is based in Chennai, India. Chennai Petroleum Corporation Limited operates as a subsidiary of Indian Oil Corporation Limited.",0.848,0.054780003,NA,NA,17.68,4.8971753,1.8450279,204961644544,0.9189,1.9921,0.5048,0.042
Tata Steel,TATASTEEL.NS,Basic Materials,Steel,"Tata Steel Limited engages in the manufacture and distribution of steel products in India and internationally. It offers reinforcement bars (rebars) and wire rods, cut-and-bend reinforcement bars, welded wire mesh, prefabricated cages (pre-cages), steel couplers and carpet reinforcement; hot-rolled, cold rolled, coated coil, tubes, rebar, wire rods; and metallic coated, pre-finished steels, alloy steels, and profiles and construction systems. The company also provides solutions in building envelopes, structural, fit-out, foundations, and highway engineering products, as well as operates steel service centers. It serves agricultural, automotive steels, construction, consumer goods, energy and power, engineering, and material handling industries. It has a strategic collaboration with Hindustan Zinc Limited to scale low-carbon zinc solutions. The company was incorporated in 1907 and is based in Mumbai, India.",0.143,0.04602,NA,NA,89.017,21.287657,2.2967424,2344797077504,0.1129,0.572,0.2781,0.857
JSW Steel,JSWSTEEL.NS,Basic Materials,Steel,"JSW Steel Limited manufactures and sells iron and steel products in India and internationally. The company offers hot and cold rolled steel products, colour coated sheets, galvanized and galvalume steel, electrical steel, steel doors, zinc-magnesium-aluminium products, aluminium-zinc roofing products, tin plate, TMT bars, wire rods, special alloy steel, grinding media, prepainted colour coated steel, low-carbon steel, hot-rolled sheets, structural steel, and low relaxation pre-stressed concrete steel strands under the JSW Neosteel, JSW Neostrands, JSW Neosteel Fastbuild, JSW Trusteel, JSW Colouron+, JSW Everglow, JSW Vishwas, JSW Platina, JSW Magsure, JSW Galveco, JSW Silveron+, JSW Pragati+, JSW Vishwas+, JSW Galvos, JSW Avante, JSW ColourFrame, JSW Endura+, JSW Radiance brands. It also engages in acquisition and investment in steel related and allied businesses, and trading in steel products; real estate; production and distribution of special long steel products; management of logistic infrastructure of Piombino's port area; produces forged steel balls; manufactures plates, pipes and double jointing, slabs, and hot rolled coils; produces gaseous and liquid form of oxygen, nitrogen, argon, and other products recoverable from separation of air; mining; and construction and development of residential township. In addition, the company trades in iron ore, steel, and allied activities; and provides steel plant, coke oven and pellet plant, power plant, and scrap shredding facilities. Its products are used in automotive, general engineering, machinery, and infrastructure and construction sectors. The company was formerly known as Jindal Vijayanagar Steel Limited and changed its name to JSW Steel Limited in June 2005. JSW Steel Limited was founded in 1982 and is based in Mumbai, India.",0.098,0.13065,NA,NA,95.374,12.562715,3.1152875,3117129138176,0.1183,0.6642,0.247,0.627
Hindalco Industries,HINDALCO.NS,Basic Materials,Aluminum,"Hindalco Industries Limited, together with its subsidiaries, manufactures and distributes aluminum and copper products in India and internationally. It operates through four segments: Novelis, Aluminium Upstream, Aluminium Downstream, and Copper. The company offers primary aluminum, such as ingots, wirerods, primary foundry alloys, and billets; flat rolled products, including building and pattern sheets, PCB entry and cold-rolled sheets, closure and fin stocks, cable wrap and lamp cap stocks, foil and litho stocks, spiral fin stocks, circles, hot-rolled plates, cold-rolled coils, and flooring sheets/tread plates; extrusions; and foils, as well as aluminium sheet and light gauge products. It also engages in bauxite and coal mining, refineries, and metal and power; and specialty alumina solutions, including refractory, ceramic, polishing, flame retardant, battery, and water treatment solutions. In addition, the company provides copper wire and recycled rods, alloy rods, IGT tubes, and cathodes; precious metals, such as gold and silver bars, selenium, and platinum group metals; and di-ammonium phosphate, as well as internally grooved copper tube and copper scrap recycling operations. Further, it provides mining, investment, cargo, management, import and export aluminum, sales office, captive insurance cell, and welfare services. The company exports its products. It offers its products under the PrizTec, EcoEdge G, EcoEdge C, Everlast, Eternia, Freshwrapp, FUSALOX, and Totalis brands. The company serves the building and construction, batteries and renewable energy, commercial transport, consumer durables, circularity and home solutions, defence and aerospace, electrical and power, industrial machinery, packaging, and personal mobility industries. Hindalco Industries Limited was incorporated in 1958 and is headquartered in Mumbai, India.",0.321,0.05549,NA,NA,72.598,13.316069,1.5878847,2168780881920,0.3171,1.1199,0.2934,0.925
Vedanta,VEDL.NS,Basic Materials,Other Industrial Metals & Mining,"Vedanta Limited, a diversified natural resources company, explores, extracts, and processes minerals, and oil and gas in India, Europe, China, the United States, Mexico, and internationally. The company explores, produces, and sells oil and gas, zinc, lead, silver, copper, aluminum, iron ores, and metallurgical coke. It also operates a thermal coal-based commercial power facility of 600 megawatts (MW) at Jharsuguda in Odisha; a 1,200 MW thermal coal-based power plants in the Chhattisgarh; 1,980 MW thermal coal- based commercial power facilities in Punjab; wind power plants; and a 1,000 MW coal-based power plant at Nellore, Andhra Pradesh. In addition, it manufactures and supplies billets, TMT bars, wire rods, and ductile iron pipes; mechanizes coal handling facilities and upgrades general cargo berth for handling coal at the outer harbor of Visakhapatnam Port on the east coast of India; offers port/berth services; and manufactures glass substrates, semiconductor, displays, ferro alloys, and slag cements. The company was formerly known as Sesa Sterlite Limited and changed its name to Vedanta Limited in March 2015. The company was founded in 1954 and is headquartered in Mumbai, India.",-0.373,0.23205,NA,NA,48.044,11.749008,2.0946712,1040043999232,-0.4134,0.4581,0.7024,0.368
Steel Authority of India,SAIL.NS,Basic Materials,Steel,"Steel Authority of India Limited, a steel-making company, manufactures and sells iron and steel products in India and internationally. The company offers a range of railway products, which include rail, high YS/UTS rail, corrosion-resistant micro-alloyed rail, vanadium alloyed rail, end forged thick web asymmetric rail, high conductivity rail, crane rails, and crossing sleeper bars. It also provides pig iron, cold rolled products, pipes, semis, structurals, sail tmt bars, galvanized products, wirerods, pm plates, railway products, wheels and axles, hot rolled products, stainless steel products, electrical steels, and sail SeQR TMT bars. It serves government organizations, PSUS, private companies, distributors, and resellers. Steel Authority of India Limited was founded in 1954 and is based in New Delhi, India.",0.013,0.03844,NA,NA,52.899,17.857143,1.2671145,764147138560,0.3496,1.0325,0.4075,1.047
Jindal Steel & Power,JINDALSTEL.NS,Basic Materials,Steel,"Jindal Steel Limited manufactures steel in India and internationally. It offers TMT rebars under the Jindal Panther brand; structural sections, rails, wire rods, round bars, and cut and bend rebars; and flat products, such as hot rolled coils, cast rounds, cold rolled and coated products, plates and coils, rockhard plates, and hollow sections. The company also provides semi-finished and specialized products, including cathode bars, fabricated sections, track shoes, sheet piles, sin beams, and value-added billets and blooms. In addition, it is involved in design and manufacturing of EOT and gantry cranes for steel plants, ports, infrastructure, and heavy engineering applications; manufactures pressure-retaining equipment for high-pressure and high-temperature industrial applications; and manufactures ferrous cast components for metallurgical and thermal processing industries. Further, the company engages in the operation of iron ore mines in Kasia, Roida, and Tensa in India; coal assets; pellet plants; and captive power facilities. It serves infrastructure, distribution, automotive, defense, building and construction, and engineering and packing. The company was formerly known as Jindal Steel & Power Limited and changed its name to Jindal Steel Limited in July 2025. Jindal Steel Limited was incorporated in 1979 and is based in New Delhi, India.",0.259,0.04818,NA,NA,43.613,43.285027,2.3280077,1185170194432,0.1095,0.6853,0.2987,0.673
NMDC,NMDC.NS,Basic Materials,Steel,"NMDC Limited, together with its subsidiaries, explores for and produces iron ore in India and internationally. It operates through Iron Ore, and All Other Segments (Pellets, Other Minerals & Services). The company also explores for lithium, copper, rock phosphate, limestone, beach sand, coking and non-coking coal, magnesite, diamond, tungsten, nickel, gold, base metals, and rare earth metals. In addition, it produces and sells hot rolled coil and pellets; and generates and distributes solar and wind power. The company exports its products. NMDC Limited was incorporated in 1958 and is headquartered in Hyderabad, India.",0.008,0.23216999,NA,NA,18.802,9.557417,2.0585356,702466228224,0.0779,0.8688,0.3384,0.641
National Aluminium Company,NATIONALUM.NS,Basic Materials,Aluminum,"National Aluminium Company Limited engages in the manufacture and sale of alumina and aluminum products in India and internationally. The company operates through Chemical and Aluminum segments. It offers aluminum metal products, such as ingots, alloy ingots, T-ingots, sows, billets, and wire rods; alumina and hydrate products, including calcined alumina and alumina hydrate; zeolite-A products; specialty alumina and hydrate products; and aluminum rolled and chequered sheets products. The company also owns and operates Coal Mine covering an area of 824.316 hectors situated in Chhendipada Tehsil of Angul District; an opencast mine covering an area of 16 square kilometers on Panchpatmali hills of Koraput district in Odisha; a wind power plant with 50.4 MW of generation capacity in Gandikota, Andhra Pradesh; a wind power plant with 47.6 MW of generation capacity at Jaisalmer, Rajasthan; a wind power plant with 50 MW of generation capacity at Devikot, Rajasthan; a wind power plant with 50.4 MW of generation capacity at Sangli, Maharashtra; and a solar power plants, as well as alumina refinery, aluminum smelter plants, and captive power plant. In addition, it provides testing services. National Aluminium Company Limited was incorporated in 1981 and is based in Bhubaneswar, India.",0.393,0.34908,NA,NA,0.277,9.900636,3.0488997,658799853568,0.8066,3.3295,0.438,0.715
Hindustan Zinc,HINDZINC.NS,Basic Materials,Other Industrial Metals & Mining,"Hindustan Zinc Limited explores for, extracts, and processes minerals in India, rest of Asia, and internationally. The company operates through two segments, Zinc, Lead, Silver & Others; and Wind Energy. The company produces refined zinc and lead, precious metals, and silver; sulphuric acid; rock-phosphate; and metals and related alloys. It also operates captive thermal with a capacity of 550.00 megawatt, wind power plant with a capacity of 273.50 megawatt, and solar power with capacity of 40.70 megawatt, and waste heat recovery boiler power plants of capacity 63.10 megawatt. In addition, the company offers di ammonium phosphate/nitrogen, phosphorus, and potassium fertilizers. The company was incorporated in 1966 and is based in Udaipur, India. Hindustan Zinc Limited operates as a subsidiary of Vedanta Limited.",0.717,0.38068,NA,NA,39.034,14.5779705,10.996901,2488501534720,0.2849,1.1,0.4075,0.673
MOIL,MOIL.NS,Basic Materials,Other Industrial Metals & Mining,"MOIL Limited engages in the exploration, exploitation, and marketing of various grades of manganese ores in India and Internationally. It operates through three segments: Mining, Manufacturing, and Power Generation. The company manufactures and sells various grades of manganese ores, such as high-grade ores for the production of ferro manganese; medium grade ores for the production of silico manganese; blast furnace grade ores for producing hot metals; and dioxide for dry battery cells and chemical industries. It also offers electrolytic manganese dioxide and high carbon ferromanganese alloy. In addition, the company operates wind energy farms with an installed capacity of 4.8 MW at Nagda Hills and 15.2 MW at Ratedi Hills in Dewas district of Madhya Pradesh; and solar power plant with an installed capacity of 5MW in Maharashtra and 5.5MW in Madhya Pradesh, as well as 10 mines located in Maharashtra and Madhya Pradesh. The company was formerly known as Manganese Ore (India) Limited. and changed its name to MOIL Limited in 2010. MOIL Limited was founded in 1896 and is based in Nagpur, India.",0.066,0.20298,NA,NA,NA,16.443235,1.8172394,49219006464,-0.3181,0.1958,0.4606,0.342
Coal India,COALINDIA.NS,Energy,Thermal Coal,"Coal India Limited, together with its subsidiaries, produces and sells coal and coal products in India. The company offers coking coal for steel making and metallurgical industries, as well as for hard coke manufacturing; semi coking coal for blend-able coal in steel making, merchant coke manufacturing, and other metallurgical industries; and non-coking coal for cement, fertilizer, glass, ceramic, paper, chemical, and brick manufacturing, as well as power generation and other heating purposes. It also provides washed and beneficiated coal for manufacturing of hard coke for steel making and power generation, as well as for cement, sponge iron, and other industrial plants; middling products for power generation, domestic fuel plants, brick manufacturing units, cement plants, and industrial plants, etc.; and reject products for fluidized bed combustion boilers for power generation, road repairs, briquette making, and land filling, etc. In addition, the company offers CIL/LTC coke for use in furnaces and kilns of industrial units, as well as for domestic fuel by halwais and hotels, etc.; coal/coke fines for use in industrial furnaces and domestic purposes; and tar, heavy and light oil, and soft pitch for use in furnaces and boilers of industrial plants, power houses, oil, dye, and pharmaceutical industries, etc. Further, it engages in coal mining and gasification; consultancy support in coal and mineral exploration; and renewable energy activities. The company serves the power and non-power sectors. The company was formerly known as Coal Mines Authority Limited and changed its name to Coal India Limited in January 1975. Coal India Limited was incorporated in 1973 and is headquartered in Kolkata, India.",0.451,0.18138,NA,NA,11.629,8.477915,2.2045736,2625938653184,0.1593,0.8265,0.2703,-0.047
Ratnamani Metals,RATNAMANI.NS,Basic Materials,Steel,"Ratnamani Metals & Tubes Limited engages in the manufacturing of stainless-steel pipes, tubes, and carbon steel pipes in India and internationally. The company offers stainless steel products, such as heat exchanger tubes, instrumentation seamless tubes, and stainless-steel pipes; nickel alloy seamless heat exchanger tubes; titanium welded tubes; carbon steel products, including ERW pipes and SAW pipes; pipe coating solutions; and spools, induction bends, fittings, hangers, and engineered support systems. It also provides boiler tubes, heat exchanger tubes, instrumentation tubes, coiled tubing, integral low finned tubes, hollow bars, and diameter electric fusion welded SS pipes, as well as carbon steel line and submerged arc welded pipes. In addition, the company is involved in the sale of power generated from windmills. It serves oil and gas, city gas distribution, slurry lines, water transportation, LNG, petrochemicals, thermal power, defense, aerospace, and nuclear and atomic energy industries. The company was incorporated in 1983 and is based in Ahmedabad, India.",-0.085,0.099379994,NA,NA,7.549,44.91997,4.7373996,194736603136,0.1578,0.1251,0.356,0.357
APL Apollo Tubes,APLAPOLLO.NS,Basic Materials,Steel,"APL Apollo Tubes Limited manufactures and sells structural steel tubes and related value added products in India and internationally. The company offers circular hollow sections, square hollow sections, rectangular hollow sections, and GP Pipes for residential housing, commercial buildings, and infrastructure; apollo structural tubes, apollo Z+, apollo galv, apollo build products for industrial structures and modern construction; apollo chaukhat, apollo plank, apollo fencing solutions, and handrails for residential housing and green construction; and heavy structural tubes, large diameter pipes, and MS pipes for factories, warehouses, data centres, and food parks applications. It also provides coated tubes, pre-galvanised tubes, and specialty steel tubes for EVs, aerospace, oil and gas, and heavy engineering; and corrosion resistant pipes, tubes, and sheets for agricultural and industrial applications. It serves its customers through a multi-tier distribution model comprising dealers, distributors, direct marketing associates, and channel partners. The company was formerly known as Bihar Tubes Limited and changed its name to APL Apollo Tubes Limited in 2010. APL Apollo Tubes Limited was incorporated in 1986 and is headquartered in Noida, India.",0.085,0.052259997,NA,NA,9.396,50.185814,11.611946,614930055168,0.3168,0.4517,0.2955,0.332
Welspun Corp,WELCORP.NS,Basic Materials,Steel,"Welspun Corp Limited, together with its subsidiaries, manufactures, trades in, distributes, and sells steel pipes, tubes, bars, coils, and plates in India, the United States, and internationally. It operates through Steel Products and Others segments. The company offers carbon steel line pipes comprising longitudinal submerged arc welding, helically submerged arc welding, high frequency welding, bends, and anti-corrosion and concrete weight coating; ductile iron pipes; thermo-mechanically treated bars; pig iron products; stainless steel and alloy products; water tanks; industrial containers; SMC panel tanks; electrical enclosures; and uPVC interiors. It also provides plastic products; basic precious and non-ferrous metals; prefabricated structures, infra project services, and turnkey projects; custom moulded products; polymers and its products; PVC/CPVC pipes and fittings for water supply; water pipes; and billet, rolled bar, black bar, ingot, bloom, and seamless pipes and tubes. The company's products are used in onshore and offshore oil, gas, and water transmission; gas distribution; households, commercial buildings, and institutional settings; hydrogen pipelines; and nuclear, space, defence, power and energy, and petrochemicals sectors. The company was formerly known as Welspun Gujarat Stahl Rohren Limited and changed its name to Welspun Corp Limited in April 2010. Welspun Corp Limited was incorporated in 1995 and is headquartered in Mumbai, India.",0.149,0.13348,NA,NA,25.042,30.770231,8.160725,746914971648,2.2554,6.4071,0.4133,0.532
Jindal Stainless,JSL.NS,Basic Materials,Steel,"Jindal Stainless Limited manufactures and sells stainless-steel flat products in India and internationally. The company offers ferro alloys, stainless steel slabs and blooms, hot rolled coils, plates and sheets, and cold rolled coils and sheets; specialty products, including razor-blade steel, coin blanks, and precision strips; and long products, such as decorative stainless-steel pipes, rebars, and wire rods. It serves the automotive and transport, railway, process, architecture, building, construction, nuclear application, plumbing, and consumer durables industries. The company exports its products to approximately 50 countries, including Japan, South Korea, Taiwan, and Germany. The company was formerly known as JSL Stainless Ltd. and changed its name to Jindal Stainless Limited in December 2011. Jindal Stainless Limited was founded in 1970 and is based in New Delhi, India.",0.105,0.07379,NA,NA,37.523,18.99594,13.697439,616520482816,-0.0707,0.6921,0.3592,0.539
Graphite India,GRAPHITE.NS,Industrials,Electrical Equipment & Parts,"Graphite India Limited manufactures and sells graphite electrodes, and carbon and graphite specialty products in India and internationally. The company operates through Graphite and Carbon, Steel, and Others segments. It offers a range of graphite electrodes with various diameter and power for AC and DC furnaces. The company also provides extruded graphite in the form of rods and blocks, mini rods, graphite tubes, heat exchanger tubes, moulded mold and isostatically moulded graphite, machined components of carbon and graphite, carbon graphite/bricks, and carbon composites/brake discs. In addition, it offers calcined petroleum coke, carbon electrode paste, graphite granules and fines, and carbonaceous materials to aluminum, steel, ferroalloy, and foundry castings industries; and impervious graphite heat exchangers, which are used as condensers, coolers, heaters, re-boilers, evaporators, interchangers; and graphite columns for distillation, absorption and scrubbing; ejector systems; and centrifugal pumps. Further, the company provides HCl synthesis, dry HCl gas generation units, and H2SO4/HCl concentration and acid dilution cooling units; bursting/rupture discs, thermowells, pipes, and pipe fittings; glass fiber reinforced plastic pipes, joints, and fittings; and high speed, alloy tool, and powder metallurgy steels for cutting tools. Additionally, it generates and sells electricity through a hydel power plant with 18-megawatt capacity. The company serves manufacturing steel, cutting tool industry, chemicals, fertilizers, polymers, drug intermediaries, metal pressing, effluent treatment, and irrigation industries. The company was incorporated in 1974 and is headquartered in Kolkata, India. Graphite India Limited is a subsidiary of The Emerald Company Ltd.",0.266,0.07044,NA,NA,6.295,74.60909,2.7367067,160344752128,0.4533,0.7489,0.413,0.972
HEG Ltd,HEG.NS,Industrials,Electrical Equipment & Parts,"HEG Advanced Materials Limited engages in the research and development of advanced battery materials, battery solutions. It manufactures custom machined components. The company also operates thermal power plants and a hydroelectric power facility. The company was formerly known as HEG Limited and change its name to HEG Advanced Materials Limited in September 2026. HEG Advanced Materials Limited was incorporated in 1972 and is headquartered in Noida, India.",0.104,0.13612,NA,NA,16.73,13.295879,1.0078969,47954919424,-0.5291,-0.2771,0.7311,0.688
Pidilite Industries,PIDILITIND.NS,Basic Materials,Specialty Chemicals,"Pidilite Industries Limited, together with its subsidiaries, engages in the consumer and industrial specialty chemicals business in India and internationally. It operates through the Consumer & Bazaar, and Business to Business segments. The Consumer & Bazaar segment offers adhesives, sealants, art and craft materials; and construction and paint chemicals for carpenters, painters, plumbers, mechanics, households, students, and offices. Its Business to Business segment provides industrial adhesives, synthetic resins, construction chemicals, organic pigments, pigment preparations, and surfactants for various industries, including packaging, joineries, textiles, paints, printing inks, paper, and leather. The company is also involved in the sale of raw materials. It sells its products under the Fevicol, Dr. Fixit, Fevikwik, M-Seal, Fevistick & Fevicol MR, Fevicryl, Haisha Paints, Fevigum, Rangeela, WD-40, MOTO MAX, Terminator, WUDFIN, steelgrip, Araldite, Roff, TENAX, UNITINT, fevitite, HOLDTITE LEAKGUARD, D-klog, Zorrik-88, Stainoff, BRITE-SUPER, Piditint, Fevibond, FALCOFIX, and BLUECOAT brand names. Pidilite Industries Limited was founded in 1959 and is based in Mumbai, India.",0.213,0.17202,NA,NA,3.776,58.48882,14.255245,1545329049600,0.0217,0.2398,0.2103,0.402
SRF Ltd,SRF.NS,Industrials,Conglomerates,"SRF Limited manufactures, purchases, and sells technical textiles, chemicals, packaging films, and other polymers. It operates through Technical Textiles Business, Chemicals Business, Performance Films and Foil Business, and Others segments. The company offers polyester and nylon tyre cord, belting, coated, and laminated fabrics; and polyester industrial yarns. It also provides fluorochemicals, such as refrigerant gases, industrial and specialty chemicals, fluorochemicals, and allied products, as well as research and development services. In addition, the company offers polyester films and polypropylene films; organic and inorganic intermediates for use in material sciences, surface chemistry, and agrochemical and pharmaceutical; and fluoropolymers. Further, it engages in the acquisition and renting of real estate; manufacture, distribution, and trade of performance films; and manufacture of aluminum foil. The company operates in India, Germany, the United States, South Africa, the United Kingdom, Italy, Indonesia, the United Arab Emirates, South Korea, Thailand, Hungary, Switzerland, Belgium, and internationally. The company was formerly known as Shri Ram Fibres and changed its name to SRF Limited in 1990. SRF Limited was incorporated in 1970 and is headquartered in Gurugram, India. SRF Limited operates as a subsidiary of KAMA Holdings Limited.",0.318,0.12715,NA,NA,36.195,34.827915,5.3616133,752871276544,-0.1251,0.1425,0.2779,0.126
Aarti Industries,AARTIIND.NS,Basic Materials,Specialty Chemicals,"Aarti Industries Limited engages in the manufacturing and dealing in specialty chemicals and intermediates in India and internationally. The company offers chemistry products, such as alkylation, ammonolysis, balz schiemann, bromination, chlorination, condensation, denitrochlorination, diazotization, dinitro chlorination, esterification, fluorination, grignard's reagent, halex, hydrogenation, hydrolysis, neutralization, nitration, oxidation, photochlorination, and propylation. It provides its products for acid, agrochemicals, API, dyes, fertilizers, metal and mining, miscellaneous, other, pharma, plasticizer, polymers, PU/epoxy, refinery and oil, field chemicals, thermal paper, and UV absorbers end use. Aarti Industries Limited was incorporated in 1984 and is headquartered in Mumbai, India.",0.425,0.05901,NA,NA,83.392,33.44156,2.9698133,177471225856,0.2793,-0.0076,0.3727,0.636
Deepak Nitrite,DEEPAKNTR.NS,Basic Materials,Chemicals,"Deepak Nitrite Limited manufactures, trades, and sells chemical intermediates in India and internationally. It operates through Advanced Intermediates and Phenolics segments. The company offers sodium nitrite, sodium nitrate, nitro toluidines, fuel additives, nitrosylsulfuric acid, xylidines, oximes, cumidines, speciality agrochemicals, optical brighteners, nitric acid, fluorinated compounds, DASDA, benzotrifluoride, cumene, phenol, acetone, isopropyl alcohol, and alpha methyl styrene. It also provides 2 MePPDA, 2,3-xylidine, 2,4-xylidine, 2,6-xylidine, 2-ethylhexyl nitrate, 3-NOX, 4-NOX; 2B, 4BBT, ABP, ABP X, and BMK deepwhite powders; 2BL, ABP, AS, BA, BHT HC, DSP, MST, SPF Z, SI, UBR, UP, and XBE deepwhite liquids; 4BB conc, 4BB conc T, DMA-X, DMA-X conc, and UFD slurry deepwhite products; IPA, MAHCL, mHBTF, MMDPA, MNT(3- nitrotoluene), MT(m-toluidine), ONT(2- nitrotoluene), OT(o-toluidine), PNT(4- nitrotoluene), and PT(p-toluidine); B+ (brown colour), FX (yellow colour), and GLP (yellow colour) protecto products; ortho and para cumidines; and TFMAP, as well as project management consultancy services and manufactures polycarbonate compounds. The company serves colourants, dyes, rubber, paper, agrochemicals, pharmaceuticals, personal care, water treatment, glass, explosives, textiles, laminate and plywood, automotive, construction, adhesives, and sanitisers industries. Deepak Nitrite Limited was incorporated in 1970 and is headquartered in Vadodara, India.",0.364,0.091359995,NA,NA,27.903,28.24524,3.7086802,216469389312,-0.1169,-0.2428,0.3054,0.454
Atul Ltd,ATUL.NS,Basic Materials,Specialty Chemicals,"Atul Ltd manufactures and sells chemicals and other chemical products worldwide. The company offers 2 nitro para cresol, 2-methylcyclohexyl acetate, allyl caproate and heptanoate, ambrettolide, anethole, cresol mixture, manganese sulphate monohydrate, ortho cresol and methoxy toluene, phenyl acetic acid, skatole, and sodium sulfite and sulphate, as well as anisic aldehyde, anisyl acetate and alcohol, anisyl propanal, cresidine, cresol, cresyl acetate and methyl ether, methoxy phenyl acetic acid, aceto nitrile, benzylamine hydrochloride, and 4-chloro-3-ethyl-1-methyl-1h-pyrazole-5-carboxylic acid; and bulk chemicals and intermediates, including 1,3-cyclohexanedione, 2-methylresorcinol, 4-chlororesorcinol, anisole, caustic soda lye, chlorosulphonic and hydrochloric acid, gypsum, hydrogen gas, liquid chlorine, liquid sulphur dioxide and trioxide, oleum, resoform, resorcinol, resorcinol dimethyl ether, sodium hypochlorite, sodium sulphite, and sulphuric acid. It also provides synthetic and natural food colors; biostimulants, fungicides, herbicides, and insecticides; amino acid derivatives, active pharmaceutical ingredients (API), API intermediates, and phosgene derivatives; and epoxy resins, curing agents, reactive diluents, accelerators and catalysts, formulations, and sulfones. In addition, the company produces tissue culture raised date palm plants, as well as engages in crop protection retail and polymers retail operations. It serves various industries, such as adhesives, agriculture, animal feed, aerospace and defense, automotive, composites, construction, electrical and electronics, food and beverage packaging, marine, medical device, paint and coatings, sport and leisure, transport, wind energy, cosmetics, dyestuff, flavor, footwear, fragrance, glass, home care, horticulture, hospitality, paper, personal care, pharmaceutical, plastic, polymer, rubber, soap and detergent, textile, and tire. Atul Ltd was incorporated in 1947 and is headquartered in Valsad, India.",0.25,0.119729996,NA,NA,2.907,22.727442,2.8725054,178726174720,-0.0199,-0.1266,0.2721,0.187
Navin Fluorine International,NAVINFLUOR.NS,Basic Materials,Chemicals,"Navin Fluorine International Limited manufactures and sells specialty fluorochemicals in India and internationally. The company offers refrigerants for various applications, including room air conditioning, commercial refrigeration, industrial cooling, mobile air conditioning, cold chain, and heat pumps under the Mafron brand for original equipment manufacturers, service technicians, and equipment owners. It also provides inorganic fluoride products, such as hydrogen fluoride, diluted hydrofluoric acid, ammonium bifluoride, potassium fluoride, sodium fluoride, hexafluorophosphoric acid, hydrogen fluoridepyridine complex, and fluoboric acid for oil and gas, steel and abrasives, industrial glass and specialty performance materials, pharmaceutical and agrochemicals, and medical surface treatment applications; and specialty fluorochemicals comprising benzotrifluoride, 2-chloro-5-(trifluoromethyl)pyridine, 4-fluorophenol, 3-aminobenzotrifluoride, 4-fluorobenzonitrile, 4-fluorobenzoic acid, and 3-chlorobenzotrifluoride. The company was founded in 1967 and is based in Mumbai, India.",0.441,0.21733,NA,NA,32.091,55.747124,11.068933,440454479872,0.8075,0.9186,0.3288,0.259
Vinati Organics,VINATIORGA.NS,Basic Materials,Specialty Chemicals,"Vinati Organics Limited manufactures and sells specialty organic intermediaries and monomers in India and internationally. The company offers specialty monomers comprising 2-acrylamido 2-methylpropane sulphonic acid, sodium salt of 2-acrylamido-2-methylpropane sulphonic acid, N-tertiary butyl acrylamide, and N-tertiary octyl acrylamide. It also provides specialty aromatics, including iso butyl benzene used as a basic raw material in the pharmaceutical and perfume industries; normal butyl benzene that is used in the production of N-aryl azoles; secondary butyl benzene and 3-phenylpentane that are used in perfumery and flavor industries; tertiary amyl benzene, which is used as an ingredient of electrolytes in batteries; C10 aromatic solvent used in the paints and coatings, agrochemicals, and printing inks; and 4-Butylaniline used in the water treatment chemical in corrosion inhibition. In addition, the company offers ortho tertiary butyl phenol used to produce perfumery products; ortho sec butyl phenol; para tertiary butyl phenol used in the production of epoxy, polycarbonate resins, and curing agents; and 2,4-Di tertiary butyl phenol and 2, 6-Di tertiary butyl phenol used to manufacture antioxidants. Further, it provides other specialty products, which includes isohexane; methyl-4-tertiary butyl benzoate; para tertiary butyl benzoic acid; isobutylene; methanol; high purity-methyl tertiary butyl ether; tertiary-butylamine; and mixed hexene. Additionally, the company offers miscellaneous polymers, including vintreat polymer, VINPLAST 245, VINFLOW HT, and vintreat-PA; Potassium Bicarbonate; and antioxidants, as well as mehq, guaiacol, anisole, para tertiary amyl phenol, 4-methoxy acetophenone, and tertiary amyl alcohol. It serves pharmaceuticals, personal care and cosmetics, food and beverage, water treatment, polymers and resins, and agrochemicals. Vinati Organics Limited was incorporated in 1989 and is headquartered in Mumbai, India.",0.284,0.18834,NA,NA,NA,27.887196,3.954904,125152722944,-0.3004,-0.3392,0.2574,0.238
Gujarat Narmada Valley Fertilizers,GNFC.NS,Basic Materials,Chemicals,"Gujarat Narmada Valley Fertilizers & Chemicals Limited engages in the manufacturing and selling of fertilizers, industrial chemical products and providing IT services in India and internationally. It operates in two segments, Chemical and Fertilizers. The Chemical segment offers chemicals and petrochemicals plants such as methanol, formic acid, acetic acid, toluene di- isocyanate (TDI), technical grade urea (TGU), weak nitric acid, concentrated nitric acid, ethyl acetate, aniline and ammonium nitrate. The Fertilizers segment provides urea and ammonium nitro phosphate under the Bharat brand name. In addition, it offers various information technology related hardware and software services. Further, the company serves agricultural federations, agro based industries, cooperatives, private distributors, institutional buyers, individual cultivators, micro, small and medium enterprises, large industrial organizations, government bodies, public sector enterprises, and small-scale manufacturing units. The company was formerly known as Gujarat Narmada Valley Fertilizers Co. Ltd. Gujarat Narmada Valley Fertilizers & Chemicals Limited was incorporated in 1976 and is headquartered in Bharuch, India.",0.398,0.12331,NA,NA,0.066,8.857504,1.0164555,92616712192,0.3013,0.1479,0.3199,0.208
Gujarat Alkalies & Chemicals,GUJALKALI.NS,Basic Materials,Chemicals,"Gujarat Alkalies and Chemicals Limited engage in the manufacture and marketing of various chemical products in India. It provides caustic soda lye, caustic soda flakes and prills, sodium sulphate, hydrochloric acid, sodium hypochlorite, liquid chlorine, and compressed hydrogen gas; caustic potash lye and flakes, and potassium carbonate powder and granules; hydrogen peroxide; and chlorinated paraffin and anhydrous aluminum chloride. The company also offers methylene chloride, chlorine derivative, carbon tetrachloride, methyl chloride, and chloroform; bleachwin, scalewin, poly aluminium chloride, biowin, and bleaching powder; sodium chlorate; food and technical grade phosphoric acid; and hydrazine hydrate. In addition, it provides chloromethanes, chlorotoluene, benzyl alcohol, benzyl chloride, and benzaldehyde; and sells scrap materials. Further, the company's products are used in various industries, such as textiles, pulp and paper, soap and detergent, alumina, water treatment, petroleum, plastic, chemicals, pesticides, fertilizer, pharmaceutical, agrochemical, plant protection, dyes and dyes intermediates, refrigeration gas, epoxy, etc. Additionally, it exports its products. Gujarat Alkalies and Chemicals Limited was incorporated in 1973 and is based in Vadodara, India.",0.126,0.01475,NA,NA,16.279,68.50163,0.89248335,46331359232,0.116,-0.0363,0.3652,-0.141
Tata Chemicals,TATACHEM.NS,Basic Materials,Chemicals,"Tata Chemicals Limited, together with its subsidiaries, manufactures, markets, sells, and distributes basic chemistry and specialty products in India, Asia, Africa, Europe, the United Kingdom, the Americas, and internationally. It operates through two segments, Basic Chemistry Products and Specialty Products. The company offers dense, heavy, high purity, industrial grade, and light soda ash; allied chemicals, such as caustic soda, chlorine and bromine-based products, and gypsum; sodium bicarbonate; sodium chloride; calcium chloride; crushed refined soda; standard ash Magadi; natural and synthetic light soda ash; crex; energy; ordinary Portland and masonry cement under the Tata Shudh brand name; and livestock and dry industrial salt. It also provides nano zinc oxide and silica; prebiotics and dietary fibers; herbicides, insecticides, fungicides, bio-fertilizers, bio-stimulants, micronutrients, organic fertilizers, water-soluble fertilizers, bio-pesticides, and seeds; and energy storage solutions. The company's products are used in various applications, such as agriculture; animal nutrition; chemicals; construction; food and nutrition; glass; high performance rubber; metals; oral care and cosmetics; paints, inks, and adhesives; pharmaceuticals; safety and environment; soaps and detergents; textiles and leather; lithium-ion, dry cell, and other batteries; and others. Tata Chemicals Limited was founded in 1927 and is headquartered in Mumbai, India.",0.144,-0.14319,NA,NA,36.081,NA,0.77336335,163999350784,-0.3136,-0.3588,0.3342,0.576
Clean Science and Technology,CLEAN.NS,Basic Materials,Specialty Chemicals,"Clean Science and Technology Limited, together with its subsidiaries, manufactures fine and specialty chemicals in India, China, the United States, Europe, and internationally. It operates through Performance Chemicals, FMCG Chemicals, and Pharma & Agro Intermediates segments. The company offers performance chemicals, including monomethyl ether of hydroquinone, butylated hydroxy anisole, ascorbyl palmitate, tertiary butyl hydroquinone, hydroquinone, hindered amine light stabilisers, catechol, and butylated hydroxytoluene, as well as clean antiOX 962, 4-oxo tempo, 4-butoxy tempo, clean light stab 770, 4-hydroxy tempo, and dimethyl sebacate. It also provides FMCG chemicals, such as 4-methoxy acetophenone, anisole, guaiacol, butylated hydroxy anisole, l-ascorbyl palmitate, para di-methoxy benzene, and ortho methoxy toluene. In addition, the company offers pharmaceutical and agro intermediates, which includes dicyclohexyl carbodiimide, veratrole, DHDT, para benzoquinone, para di-methoxy benzene, anisole, and ortho methoxy toluene. It serves acrylic monomers and polymers; animal nutrition and feed; coatings, resins, paints, and inks; cosmetic and personal care; electronics and electronic chemicals; edible oils; flavors and fragrances; food and beverages; fuel, lubricants, and industrial fluids; nutraceuticals and dietary supplements; petrochemicals; peptide and fine chemicals synthesis; pharmaceuticals intermediates; plastics; rubber and elastomers; light/UV stabilizers; and water treatment industries. The company was incorporated in 2003 and is headquartered in Pune, India.",0.105,0.23719,NA,NA,0.135,37.166206,5.4199314,85797855232,-0.2737,-0.4195,0.3159,0.27
Fine Organic Industries,FINEORG.NS,Basic Materials,Specialty Chemicals,"Fine Organic Industries Limited engages in manufacture, processing, supply, distribution, dealing, import, and export of oleochemical-based additives in India and internationally. The company offers food ingredient, such as emulsifiers, antifungal agents, bakery products, starch complexity agents, viscosity modifiers, anti-blooming agents, anti-splattering agents, crystal promoters, and anti-foam agents. It also provides polymer additives, including lubricants, anti-fogging additives, anti-slip agents, anti-static additives, anti-scratch additives, processing aids, slip and anti-blocking, dispersants, mold release agents, and rubber processor additives; personal care ingredients; feed ingredients; and specialty additives. The company's products are used in plastics, foods, rubbers, coatings, cosmetics, feed nutrition, and other specialty applications. Fine Organic Industries Limited was founded in 1970 and is based in Mumbai, India.",0.18,0.17726,NA,NA,3.464,35.605213,5.848875,155844657152,0.0607,0.0316,0.2951,0.228
PI Industries,PIIND.NS,Basic Materials,Agricultural Inputs,"PI Industries Limited, together with its subsidiaries, manufactures and distributes of agricultural chemicals in India, rest of Asia, North America, Europe, and internationally. It operates through Agro Chemicals and Pharma segments. The company offers agrochemicals, including insecticides, fungicides, herbicides, and biologicals; crop solutions for soybeans, chili, sugarcane, rice, wheat, cotton, and corn, as well as horticulture products; and plant nutrients and specialty chemicals. It also provides custom synthesis and manufacturing services to other companies; and pharmaceuticals, medicinal chemical, and botanical products. The company sells its products to farmers, distributors, retailers, and sellers. It also exports its products. PI Industries Limited was incorporated in 1946 and is based in Gurugram, India.",-0.104,0.17879999,NA,NA,3.048,31.237797,3.2420163,364094750720,-0.337,-0.2852,0.2644,0.366
UPL Ltd,UPL.NS,Basic Materials,Agricultural Inputs,"UPL Limited, together with its subsidiaries, manufactures and sells pesticides, insecticides, and micronutrients in India, Brazil, the United States, the United Kingdom, and internationally. It operates through Crop protection, Seeds & Post-Harvest solutions, and Non-Agro segments. The company offers herbicides, fungicides, insecticides, acaricides, seed treatment, adjuvants, bio-solutions, public health products, fumigants, soil and water technologies, agrochemical products, and other agricultural related products under the Winger, Preview, Propose, and Nuvita brand names, as well as ProNutiva, a solution for crop protection. It also provides seeds for vegetables and crops, such as grain sorghum, forage, corn, canola, sunflower, rice, and wheat as well as other crops, including pearl millets, biofumingants, oats, mustards, and alfalfas under the Advanta, Alta Seeds, and Pacific Seeds brand names. In addition, the company offers industrial and specialty chemicals, such as phosphorus, cynation, phosgenation, and acrolein; other non-agricultural related products; post-harvest solutions; farmer education and engagement; environmental solutions; and apiculture services, as well as operates nurture.farm, a digital platform for growers, farming communities, and food systems. It serves input suppliers, distributors, farmers, food wholesalers/traders, food manufacturers, food retailers, consumers, industry associations, media, cooperatives, government, restaurants, agriculture chemical distributors, and non-government organisations. The company exports its products. The company was formerly known as United Phosphorus Limited and changed its name to UPL Limited in October 2013. UPL Limited was founded in 1969 and is based in Mumbai, India.",0.105,0.03825,NA,NA,57.128,22.524569,1.3382951,464948527104,-0.17,-0.09,0.3038,0.541
Coromandel International,COROMANDEL.NS,Basic Materials,Agricultural Inputs,"Coromandel International Limited provides agriculture solutions in India and internationally. The company operates through the Nutrient and Other Allied Business, and Crop Protection segments. It offers crop nutrition products, including fertilizers, specialty nutrients, organic, and nano products; crop protection products comprising insecticides, fungicides, herbicides, plant growth regulators, and GPS products; and other bio products. It also provides drone spray services, as well as soil and leaf testing services. The company also provides value-added services, including drone spraying, soil testing, crop diagnostics, and weather insights, as well as e-commerce platform for advisory and ordering. In addition, it operates an e-commerce platform for advisory and ordering services. The company was formerly known as Coromandel Fertilisers Ltd and changed its name to Coromandel International Limited in September 2009. Coromandel International Limited was founded in 1901 and is based in Chennai, India. Coromandel International Limited operates as a subsidiary of E.I.D.- Parry (India) Limited.",0.159,0.05619,NA,NA,11.469,31.252388,4.6055427,578449244160,-0.1184,0.7894,0.3065,0.127
Chambal Fertilizers,CHAMBLFERT.NS,Basic Materials,Agricultural Inputs,"Chambal Fertilisers and Chemicals Limited, together with its subsidiaries, produces and sells fertilizers primarily in India. The company operates through Own Manufactured Fertilisers; Complex Fertilisers; Crop Protection Chemicals and Speciality Nutrients and Seeds; and Others segments. It offers urea; di-ammonium phosphate, muriate of potash, and triple super phosphate; NPK fertilizers; and crop protection chemicals (CPC), speciality nutrients (SN), and agricultural biologicals under the Uttam brand. Chambal Fertilisers and Chemicals Limited was incorporated in 1985 and is based in New Delhi, India.",-0.118,0.09581,NA,NA,10.274,8.683773,1.6068388,167452622848,-0.1959,0.5882,0.3669,0.292
GHCL Ltd,GHCL.NS,Basic Materials,Chemicals,"GHCL Limited, together with its subsidiaries, manufactures and trades inorganic chemicals in India and internationally. The company offers light soda ash, a basic industrial alkali chemical used in powdered, paste, soap and detergents, pulp and paperand chemical products; dense soda ash for use in glass manufacturing, silicate, ultramarine, and other chemical industries; and refined sodium bicarbonate for use in food, food dyes, poultry and animal feed, leather tanning, fire extinguishers, vegetable cleaning applications, blasting of metals, manufacture of chemicals, pharma, oral care products, and deodorizers. It also provides edible and industrial grade salt products. In addition, the company trades in various chemicals, such as sodium tripolyphosphate, sodium lignosulfonate, PVC resin, titanium dioxide, citric acid, EVA, zircon flour and sand, kaolin clay, and borax pentahydrate. It sells its products under the i-FLO, and Sapan brands. The company was incorporated in 1983 and is based in Noida, India.",-0.027,0.17052999,NA,NA,2.345,7.492415,1.0623921,38480707584,-0.2766,-0.2706,0.3286,-0.106
Bharti Airtel,BHARTIARTL.NS,Communication Services,Telecom Services,"Bharti Airtel Limited operates as a telecommunications company in India and internationally. It operates through the Mobile Services India, Mobile Services Africa, Mobile Services South Asia, Airtel Business, Passive Tower Infrastructure Services, Homes Services, Digital TV Services, and Others segments. The company provides voice and data telecom services through wireless technology including 2G/3G/4G/5G services; passive infrastructure service, including the setup, operation, and maintenance of wireless communication towers; mobile money services; home services covering voice and data communications through fixed-line network, wireless network, and broadband technology for homes; and digital TV services comprising digital broadcasting services under the DTH platform and IPTV services. It also engages in the airtel business that includes MPLS, VoIP, SIP trunking, fixed line voice solutions, communications platform as a service (CPaaS), internet of things (IoT), managed services, enterprise mobility applications, cloud, and cybersecurity, data and voice, network integration, managed services, security, and platform services. In addition, the company offers post-paid, prepaid, roaming, data services, OTT content, and various value-added services, as well as mobile TV, video calls, live-streaming videos, gaming, and high-definition (HD) and 4K content services. The company was formerly known as Bharti Tele-Ventures Limited and changed its name to Bharti Airtel Limited in April 2006. Bharti Airtel Limited was incorporated in 1995 and is headquartered in Gurugram, India.",0.184,0.1314,0.20151,0.08163,100.415,37.595284,6.880711,11138500657152,-0.066,1.0136,0.2128,-0.004
Vodafone Idea,IDEA.NS,Communication Services,Telecom Services,"Vodafone Idea Limited, together with its subsidiaries, provides telecommunication services to individuals, communities, and businesses in India. The company offers voice services, such as 4G VoLTE and Voice over WIFI calling; broadband data services on 4G and/or 5G technology; and content and digital products and services, including subscription, digital advertising, gaming, digital marketplace, and utility bill payment app, as well as other value-added services (VAS), caller tunes, missed call alert, and voice and short messaging services; and long distance and internet service provider services. It also engages in renting of passive infrastructure to telecommunication service providers; business of prepaid payment instruments (PPI) and business correspondence; outsourcing backend IT support, data centre operations, and hosting; and provision of high-speed broadband internet access through cable network and high bandwidth internet broadband, and manpower services. In addition, the company trades in mobile handsets, data cards, telecommunication hardware, and related accessories and services; provision of outsourcing services for finance and accounts, human resources, supply chain management, credit and collection support, and customer support; and caters to the information technology (IT) needs for data consolidation. Further, it offers technology, software, hardware, value added services (VAS), application software, and contents and related products and services, which facilitate and develop access to IT enabled VAS products and services on single or multiple platforms or operating systems; mobile wallet and money transfer services; and data centre related services and IT solutions, including E-SIMs activation, as well as prepaid and postpaid plans. The company was formerly known as Idea Cellular Limited and changed its name to Vodafone Idea Limited in August 2018. Vodafone Idea Limited was incorporated in 1995 and is based in Mumbai, India.",0.061,0.82278,NA,NA,NA,4.03966,-4.3212123,1544971747328,0.6429,0.2619,0.5471,0.446
Tata Communications,TATACOMM.NS,Communication Services,Telecom Services,"Tata Communications Limited operates as a communications technology company worldwide. It offers voice and data transmission services, internet connectivity services, and other value-added services, such as unified conferencing and collaboration services, managed hosting, mobile global roaming and signaling services, transponder lease, television uplinking and other managed services, data center colocation services, network management and support, and other related services. The company also provides IZO, a self-healing network for interconnection between data centre; IZO+, a multi cloud network; Vayu Cloud, an enterprise sovereign cloud platform, which integrates infrastructure, AI, data, and security; AI Studio, an end-to-end platform to discover, build, deploy, and scale AI workloads; and ThreadSpan, an AI-powered control platform for observability, automated configuration, and closed-loop automation. In addition, it offers TC, a single-pane-of-glass view and control in network, cloud, and cybersecurity environments; Kaleyra AI platforms for conversational AI, omnichannel engagement and hyper-personalized experiences; cybersecurity products, including managed detection and response, cloud security, advanced network security, security assessment and consulting services, OT security, SD-WAN, security service edge, hosted and managed SASE, and edge distribution platform. Further, the company provides move, an IoT product; TX Hub, an AI powered and no-code platform for customer and agent experience; and Kaleyra.ai, a CX platform for data, automation, and engagement. Additionally, it is involved in the sale and leasing of bandwidth on undersea cable systems; leasing, letting out, licensing, or developing immovable properties. The company was formerly known as Videsh Sanchar Nigam Limited and changed its name to Tata Communications Limited in 2008. Tata Communications Limited was incorporated in 1986 and is based in Mumbai, India.",0.105,0.0372,NA,NA,335.854,50.393105,13.778535,475095203840,0.0185,-0.0704,0.295,0.809
Railtel Corporation,RAILTEL.NS,Communication Services,Telecom Services,"RailTel Corporation of India Limited provides broadband telecom and multimedia network services in India, Jamaica, and Trinidad and Tobago. It operates through Telecom Services and Project Work Services segments. The company offers telecom services, such as managed data services, leased lines, virtual private networks, internet leased lines, data centers, tower collocation, rack and space collocation, and national long distance (NLD) for voice carriage; and NIC e-office, HD video conferencing, security operation center, RailWire broadband, internet leased lines, consultancy services, signaling services, Aadhaar-based services, and eNivida. It also provides optic fiber network services; internet service provider services through wireless infrastructure and other telecommunication networks; information and communication technology (ICT) services, including connectivity and cloud services; and maintenance services for telecom infrastructure. In addition, the company provides project services, including station Wi-Fi, hospital management information systems, BharatNet, National Knowledge Network, video surveillance systems, and railway signaling works; telecom and IT services-related projects; and enterprise-specific IT and ITES projects. It serves government organizations, ministries, educational institutions, corporates, retail customers, banks, NBFCs, and private enterprises. The company exports its services. RailTel Corporation of India Limited was incorporated in 2000 and is based in New Delhi, India.",0.276,0.08096,0.16254,0.0509,2.817,24.267723,3.691694,83492126720,-0.3092,0.1723,0.4942,0.713
HFCL Ltd,HFCL.NS,Technology,Communication Equipment,"HFCL Limited manufactures and sells telecom products in India and internationally. The company offers optical fiber cables, such as underground, aerial, microduct, FTTH, and micromodule cables; access solutions, including Wi-Fi access points, network switches, unlicensed band radios, IO canvas unified network management platform, and accessories; IP/MPLS routers; 5G product portfolio comprising access routers/cell site routers and pre-aggregation and aggregation routers; fiber optic cable and copper cable assemblies, high-density cabinets, fiber splice joint closures, ethernet cabling products, and active optical components; and defence solutions, including electro optics, electronic fuzes, ground surveillance radar, high-capacity radio relay, and software defined radios. It also provides network solutions for public telecommunications, defence and railway communications, and system integration services. The company was formerly known as Himachal Futuristic Communications Limited and changed its name to HFCL Limited in October 2019. HFCL Limited was incorporated in 1987 and is based in New Delhi, India.",1.199,0.09554,NA,NA,38.321,54.875328,6.3725758,323298820096,1.7679,1.9572,0.5026,0.962
ITI Ltd,ITI.NS,Technology,Communication Equipment,"ITI Limited engages in the manufacture, sale, and servicing of telecommunication equipment and building communication network infrastructures in India. The company's telecom products and solutions include switching, transmission, access, and subscriber premises equipment. It also offers 4G radio equipment, and defence electronics products and systems; encryptors for defence; and other telecom products, including laptops /smaash PCs, solar panels/ modules/ power packs, optical fiber cable, HDPE, ONT, OLT, ODC, and telephones and smart cards. In addition, the company is involved in contract manufacturing of water pipes, 4G RAN Equipment, Tablet PC, etc. Further, it provides optical fiber cable, solar panel, HDPE manufacturing; smart energy meters; surface mount technology assembly; 3D printing; military telephones; SARAL tablet; GPON; data center; and operates VSSC component screening and telecom testing center. Additionally, the company builds communication networks using internet protocol/multi-protocol label switching technology, optical fibre cable, microwave radio, and satellite communication channels; provides customized support; and engages in turnkey contracts/solutions. ITI Limited was founded in 1948 and is based in Bengaluru, India.",-0.147,0.15359001,NA,NA,40.144,75.26786,12.769502,243505250304,-0.207,0.266,0.5347,0.064
GTL Infrastructure,GTLINFRA.NS,Technology,Communication Equipment,"GTL Infrastructure Limited, an independent and neutral telecom tower company, owns, builds, operates, and maintains telecom towers and related infrastructure, supporting multiple technologies including 2G, 3G, 4G, 5G, IoT, and enterprise data systems primarily in India. It provides telecom towers on a shared basis for telecommunications service providers to host their active network components; and delivers uninterrupted power on towers. The company was formerly known as GTL Infras Engineering & Managed Network Services Limited and changed its name to GTL Infrastructure Limited in February 2005. GTL Infrastructure Limited was incorporated in 2004 and is headquartered in Mumbai, India.",-0.022,0.79213995,NA,NA,NA,1.3493977,-0.27979016,14346541056,-0.2649,0.0091,0.5027,0.636
Route Mobile,ROUTE.NS,Communication Services,Telecom Services,"Route Mobile Limited provides cloud-communication platform solutions to enterprises, over-the-top service providers, and mobile network operators in India and internationally. The company offers messaging, voice, e-mail, enhanced business messaging, identity and verification, bespoke solutions, and other solutions. It also provides A2P messaging that includes SMS, 2-way messaging, and Acculync; enterprise email communication, RCS messaging, and OTT messaging solutions; voice application services; voice services comprising interactive voice response, Click2Call, missed call facility, and outbound dialer; and communications platform and managed service solutions, such as A2P SMS firewall and filtering, analytics, monetization, hubbing, SMSC, and MMSC solutions to mobile network operators. In addition, the company offers digital identity and security services; business process outsourcing (BPO) voice services, such as customer care, technical support, and booking assistance and payment collection services; and non-voice services comprising client support through email and chat, IT helpdesk, and billing and data processing. Additionally, it provides short message service (SMS) filtering, analytics, SMS firewall, SMSC, MMSC, and SMS monetization solutions. The company offers its cloud-communication services to clients in the banking and financial, aviation, retail, e-commerce, logistics, healthcare, hospitality, media and entertainment, pharmaceutical, and telecom sectors. Route Mobile Limited was incorporated in 2004 and is headquartered in Mumbai, India. The company operates as a subsidiary of Proximus Global SA.",0.096,0.0551,NA,NA,1.488,11.778173,1.0533333,29170425856,-0.43,-0.6922,0.3221,0.372
Tejas Networks,TEJASNET.NS,Technology,Communication Equipment,"Tejas Networks Limited provides telecom and data networking-related products and services in India and internationally. It offers radio access networks, fiber broadband access, satcom solutions, optical aggregation, switching and routing, direct-to-mobile broadcast solutions, metro core and backbone, packet transport networks, network management systems, and mobile packet core products. The company also designs, manufactures, and sells wireless and wireline networking products, including 4G/5G radio access (LTE/NR), converged 4G/5G core, fiber-to-home and fiber-to enterprise (GPON/XGSPON), optical transmission (DWDM/ PTN/OTN), carrier switching and routing (Ethernet, IP/MPLS), satellite, and broadcast networking products; and designs and develops software products that enable remote configuration, monitoring, provisioning and management. In addition, it provides network build, consultancy, nurture, and managed services. It serves communications service providers for both mobile and fixed broadband, internet service providers, broadband bandwidth providers, utility companies, defense, and government entities. The company was formerly known as Tejas Networks India Limited and changed its name to Tejas Networks Limited in March 2008. Tejas Networks Limited was incorporated in 2000 and is headquartered in Bengaluru, India.",0.991,-0.70371,NA,NA,142.52,NA,3.0555809,89639714816,-0.1355,-0.3908,0.5217,-0.076
Sterlite Technologies,STLTECH.NS,Technology,Communication Equipment,"Sterlite Technologies Limited, together with its subsidiaries, manufactures and sells telecom products in India and internationally. It operates through Optical Networking Business and Digital and Technology Solutions segments. The company designs and manufactures optical fibres, optical fibre cables and specialty cables, optical connectivity, and optical inter connect products. It also provides STL neuralis data center solutions; sensron, a fibre optic sensing solution; FTTH and enterprise solutions; STL store; and operates Neox communication platform, as well as enabling digital transformation of telcos and enterprises. Sterlite Technologies Limited was founded in 1988 and is based in Pune, India.",0.874,0.04306,NA,NA,85.626,181.60521,18.018639,430368882688,5.7729,4.2081,0.5548,1.573
Onmobile Global,ONMOBILE.NS,Communication Services,Telecom Services,"OnMobile Global Limited provides telecom value added services in India, Europe, Africa, Latin America, the United States, and internationally. It offers ONMO and ONMO+ paltforms; Digital Content Store, a mobile solution for digital content comprising videos, games, music, and images; mobile entertainment and content services, such as ring back tones, contests, and games; converged value-added services; and Infotainment that offers music, contest, news, and sports over the mobile. OnMobile Global Limited was formerly known as OnMobile Asia Pacific Private limited and changed its name to OnMobile Global Limited in August 2007. The company was incorporated in 2000 and is based in Bengaluru, India.",-0.021,-0.10847,NA,NA,12.298,NA,0.89903134,5614830592,-0.2092,-0.5041,0.5029,0.193
Titan Company,TITAN.NS,Consumer Cyclical,Luxury Goods,"Titan Company Limited, together with its subsidiaries, manufactures and sells watches, jewelry, eyewear, fragrances, women's bags, and other accessories and products in India and internationally. The company operates through four segments: Watches and Wearables, Jewellery, Eyecare, and Others. The company designs, manufactures, and retails watches and wearables under the Nebula, Titan, Titan Clock, Zoop, Titan Octane, Titan Raga, Xylys, Edge, Fastrack, Sonata, Titan Smart, Fastrack smart, SF, Titan World, and Helios brands; jewellery products under the Mia, CaratLane, Tanishq, and Zoya brands; and eyecare products under the Titan Glares, Titan Eye+ and Fastrack Eyecare brands. It also offers sarees, dress materials, and ready-to-wear kurtas under the Taneira brand; perfumes under the SKINN brand; belts and wallets under the TITAN brand; and bags under the Fastrack and IRTH brands. In addition, the company provides manufacturing services and automation solutions for the aerospace, defense, transportation, electrical and electronics, and medical sectors. Further, it provides automation and precision engineering solutions. It offers its products through owned and franchised retail stores, as well as online. The company was formerly known as Titan Industries Limited and changed its name to Titan Company Limited in August 2013. Titan Company Limited was incorporated in 1984 and is based in Bengaluru, India.",0.293,0.062319998,NA,NA,195.001,74.62185,27.612251,4333633273856,0.4504,0.5015,0.2246,0.184
Havells India,HAVELLS.NS,Industrials,Electrical Equipment & Parts,"Havells India Limited, a fast-moving electrical and electronic durables company, manufactures, trades in, and sells various consumer electrical and electronic products in India and internationally. The company operates through six segments: Switchgears, Cables, Lighting and Fixtures, Electrical Consumer Durables, Lloyd Consumer, and Others. It offers switches; switchgears, such as circuit breakers, energy savers, human safety equipment, distribution boards, surge protection devices, and control and monitoring devices, as well as magnetic contractor, thermal overload relays, switchgear, circuit breakers, and starters; lighting products; and home appliances, including air conditioners, LED televisions, washing machines, refrigerators, air coolers and purifiers, appliances, personal grooming products, water heaters and purifiers, and geysers. The company also provides flexible, power, control, and fire survival cables; fans comprising ceiling, table, pedestal, wall, ceiling mounting, personal, and domestic exhaust fans; centrifugal, mono block, submersible, borewell and sewage submersible, pressure, and shallow well jet pumps; dishwashers; air circulators; and heavy-duty exhaust fans. In addition, it offers crane duty, smoke, brake, inverter duty, and energy motors; solar rooftop on grid, solar off grid, and solar on grid inverter solutions; power solutions, including power capacitors, IOT enabled IPFC relays, HD harmonic detuned reactors, IOT enabled APFC panels, and high PIV thyristor switches; and smart home automation solutions that connects lights, curtains, air conditioners, and other devices to control them through smart phone, tablet or wall panel, as well as smart modular switches and accessories. The company offers its products under the Havells, Lloyd, Havells Crabtree, REO, and Havells Studio brands. Havells India Limited was founded in 1958 and is based in Noida, India.",0.195,0.06923,NA,NA,2.801,41.83518,7.2739697,688121380864,-0.2821,-0.1992,0.2442,0.296
Voltas,VOLTAS.NS,Consumer Cyclical,"Furnishings, Fixtures & Appliances","Voltas Limited operates as air conditioning and engineering solutions in India, the Middle East, Africa, and internationally. The company operates through three segments: Unitary Cooling Products; Electro - Mechanical Projects and Services; and Engineering Products and Services. The company manufactures, sells, and services cooling appliances and cold storage products, such as room air conditioners, water dispensers and coolers, visi coolers, chest and convertible freezers, cold rooms, medical refrigeration, air coolers and purifiers, water heaters, ducted AC, variable refrigerant flow, cassette and tower AC, and chillers, as well as refrigerators, washing machines, microwave ovens, dishwashers, dry iron, and mixer grinders. It also offers a comprehensive range of electromechanical services, including HVAC (heating, ventilation, and air conditioning), electrical systems, plumbing, firefighting, extra low voltage, and specialized services. In addition, it provides facilities maintenance services, such as operations and maintenance contracts in various sectors, AMCs, spares, and retrofit jobs, etc. Further, it engages in the provision of water treatment solutions for the industrial and domestic sewage segments, as well as last-mile connectivity of water tabs under various government schemes; sale and service of capital machinery for textile industry; sale of spares and accessories for textile equipment; and sale of mining and construction equipment. Additionally, the company offers operations and maintenance services for the mining and construction industry; it undertakes rural electrification, power augmentation, substations, industrial electrification, and solar projects related to engineering, procurement, and construction. Furthermore, it engages in manufacturing ducts and duct accessories; drilling, irrigation, and landscaping activities; and construction of water treatment plants. Voltas Limited was incorporated in 1954 and is headquartered in Mumbai, India.",0.187,0.02999,NA,NA,15.51,81.97947,5.802742,369995284480,-0.1827,0.2927,0.3245,0.12
Crompton Greaves Consumer,CROMPTON.NS,Consumer Cyclical,"Furnishings, Fixtures & Appliances","Crompton Greaves Consumer Electricals Limited manufactures and markets consumer electrical products in India. It operates in two segments, Electrical Consumer Durables and Lighting Products. The company offers fans, such as ceiling, table, wall-mounted, pedestal, ventilating, kitchen tower, exhaust, and industrial fans; and agriculture, industrial monoset, residential, compressor, specialty, and solar pumps. It also provides home appliances, such as air coolers and smart plugs; oil filled, heat convectors, halogen, quartz, and ceramic heaters; personal, tower, window, and desert coolers; storage, instant, immersion rods, and gas water heaters; room heaters; fabric care products; dry and steam irons; and kitchen appliances that include OTG, air fryer, induction cooktop, rice cooker, sandwich maker, pop-up toaster, and electric kettle products. In addition, the company offers lighting products, such as bulbs, battens, ceiling lights, table tamps, outdoor lights, professional lighting products, led lights, and extension boards; and cooking, brewing, mixer and wet grinders, gas stoves, blenders, pressure cookers, cooktop products, and food preparation products; and chimneys, hobs, built-in dishwashers, and build in microwaves and ovens. Further, it offers residential solar rooftops ;and wires and cables. Crompton Greaves Consumer Electricals Limited was incorporated in 2015 and is based in Mumbai, India.",0.118,-0.02688,NA,NA,5.797,NA,4.745262,140759793664,-0.2607,-0.234,0.2875,0.333
Whirlpool of India,WHIRLPOOL.NS,Consumer Cyclical,"Furnishings, Fixtures & Appliances","Whirlpool of India Limited manufactures and markets home appliances in India and internationally. It offers refrigerators, washing machines, air conditioners, microwave ovens, air fryer, kitchen, built-in, and small appliances, as well as dishwasher. The company sells its products through Internet. The company was incorporated in 1960 and is headquartered in Gurugram, India. Whirlpool of India Limited operates as a subsidiary of Whirlpool Corporation.",0.121,0.03013,NA,NA,8.621,43.100376,2.8026266,116627103744,-0.2599,-0.4411,0.3846,0.361
Blue Star,BLUESTARCO.NS,Industrials,Building Products & Equipment,"Blue Star Limited provides air conditioning and commercial refrigeration products, air and water purifiers, air coolers, cold storages, and specialty products in India. It operates through three segments: Electro-Mechanical Projects and Commercial Air Conditioning Systems; Unitary Products; and Professional Electronics and Industrial Systems. The Electro-Mechanical Projects and Commercial Air Conditioning Systems segment engages in the design, installation, and maintenance of central air conditioning systems, including packaged and ducted systems, variable refrigerant flow units, scroll and screw chillers, centrifugal chillers, and data center chillers. This segment also provides turnkey contracting services for mechanical, electrical and plumbing, and firefighting domains across buildings, factories, data centres, metro rail, and substations, as well as value-added services, such as retrofitting, system modernization, and ongoing operational support for the electro-mechanical systems. The Unitary Products segment is involved in the development, manufacture, and distribution of air conditioners for residential and commercial applications, as well as the provision of a range of commercial refrigeration solutions and air coolers. The Professional Electronics and Industrial Systems segment trades in and services testing machines, medical, analytical, test and measuring, data communications, and industrial products and systems. The company also exports its products to the Middle East, Africa, SAARC, and ASEAN regions. Blue Star Limited was founded in 1943 and is headquartered in Mumbai, India.",0.133,0.03979,NA,NA,23.588,61.7357,9.376704,321752465408,-0.184,0.7405,0.3528,0.146
Dixon Technologies,DIXON.NS,Technology,Consumer Electronics,"Dixon Technologies (India) Limited, together with its subsidiaries, engages in the manufacture and sale of electronic goods in India and internationally. The company offers display solutions, such as LED TVs, interactive flat panels, digital signages, and monitors; and lightning solutions, including special lamps, battens, bulbs, downlights, and strips and rope lights. It also provides home appliances comprising semi-automatic top loader and fully automatic top load; refrigerators; smartphones, foldable, and feature mobile phones; wireless wearables and hearables; computing devices; and telecommunication and networking products, which include 5G fixed wireless access devices, optical network terminals, and IPTV set-top boxes. In addition, the company is involved in the provision of electronic manufacturing services; trading; reverse logistics, such as repair and refurbishment of LED TV panels; repair of mobile phones; research and development; design and prototyping; manufacturing and assembly; and quality and performance. It exports its products. Dixon Technologies (India) Limited was incorporated in 1993 and is headquartered in Noida, India.",0.211,0.03639,NA,NA,18.457,43.289906,14.915482,814137344000,-0.2638,1.7428,0.3881,-0.151
Amber Enterprises,AMBER.NS,Consumer Cyclical,"Furnishings, Fixtures & Appliances","Amber Enterprises India Limited engages in the room air conditioners (RAC) industry in India. It offers complete built units and various components for consumer durable goods; room air conditioners, such as split AC, outdoor unit, window AC, and top-throw window AC; and commercial air conditioners, including cassette AC, tower AC, duct, VRF, water heat pump, and outdoor unit. The company also provides components comprising heat exchangers, sheet metal component, copper tubing, cross flow and axial fans, plastic moulding, tooling, and motors; and electronics manufacturing services consisting of PCBA, PCBs, power electronics, and industrial automation for automotive, telecom, consumer electronics, lighting, industrial power electronics, space and defence, EMS, entertainment, and other industries. In addition, it offers railway and metro subsystems, which include HVAC, gangways, doors, pantry systems, brakes, coupler, pantograph, driving gear, switchboard cabinet, cab booster units, feeder junction box, and microcontroller; railway and metro, buses, heavy equipment, and defence HVAC systems; and data center perimeter cooling, in-rack cooling, in-row cooling, panel cooling, battery and UPS room AC, precision split AC, telecom shelter 2in1 AC, and ductable ACs. Further, the company exports its products. Amber Enterprises India Limited was incorporated in 1990 and is based in Gurugram, India.",0.127,0.0076099997,NA,NA,46.566,265.0419,5.6026196,245463662592,-0.1782,1.3299,0.4581,0.195
V-Guard Industries,VGUARD.NS,Industrials,Electrical Equipment & Parts,"V-Guard Industries Limited manufactures and sells electrical and electronic products in India and internationally. It operates through four segments: Electronics, Electrical, Consumer Durables and Sunflame. The Electronics segment offers voltage stabilizers; and inverter, digital DUPS, inverter batteries, UPS, solar inverters, solar power systems, off grid and on grid systems and inverters, and on grid photovoltaic (PV) inverters. The Electrical segment provides wires; pumps, such as domestic and agricultural pumps, and electric motors; modular switches, including matteo, novio, and torio switches; switchgears; and PVC insulated cables. The Consumer Durables Segment offers fans, such as ceiling, table, pedestal, wall, ventilating and exhaust, and other fans; air coolers, including desert, window-mounted, and personal and room variants; water heaters, such as electric, solar and heat pump water heaters; and kitchen appliances comprising induction cooktop, mixer grinders, gas cooktops, rice cookers, water purifiers, small and large appliances like kitchen hoods, and breakfast appliances. The Sunflame segment sells products under Sunflame and Superflame brands. It sells its products through a network of distributors and dealers. V-Guard Industries Limited was founded in 1977 and is headquartered in Kochi, India.",0.235,0.057800002,NA,NA,6.964,37.161175,5.6020837,132967792640,-0.1633,0.0077,0.2674,-0.006
Orient Electric,ORIENTELEC.NS,Consumer Cyclical,"Furnishings, Fixtures & Appliances","Orient Electric Limited manufactures, purchases, and sells lifestyle electrical products in India and internationally. It operates in two segments, Electrical Consumer Durables, and Lighting and Switchgear. The company offers table, stand, wall, lifestyle, exhaust, personal, and silent fans; ceiling fans, including BLDC, high speed, smart, under light, remote controllable, and chandelier fans; mixer and juicer mixer grinders, electric kettles, room heaters, coffee machines, stand mixers, irons, and induction cooktops; desert, tower, personal, window, industrial, and portable coolers; and storage, instant, immersion water heaters. It also provides retail lighting products, such as ceiling, wall, outdoor, and decorative lights, as well as LED bulbs; LED consumer luminaries comprising LED strip lights, street lights, spot lights, panels, flood lights, down lighters, and battens, as well as desk lamps; LED lamps and tubes; switchgears, which include multi and smart plugs, plug tops, extension and distribution boards, door bells, MCBs, RCCBs, isolators, sockets, lamp holders, switches, and other switch and switchgear products; and flame retardant wires and communication cables. The company sells its products under the DE'Longhi and Kenwood brand names through retail outlets, digital, and project-led channels. It exports its products. The company was founded in 1939 and is based in New Delhi, India.",0.235,0.03131,NA,NA,12.281,31.506794,4.5547943,34624679936,-0.1924,-0.2325,0.3578,0.306
Bata India,BATAINDIA.NS,Consumer Cyclical,Footwear & Accessories,"Bata India Limited manufactures, sells, and trades in footwear and accessories through its retail and wholesale network in India and internationally. It offers men's footwear, including casual shoes, slippers and flipflops, as well as ethnic, formal, loafers, sandals, sneakers, sports, and outdoor shoes. The company also offers women's footwear, such as ballerinas, boots, casual, flats, flipflop, loafers, mule, sandals, sneakers, sports, thongs, and toe ring shoes, as well as heel footwear. It is also involved in kids' footwear; apparel, including joggers and bottoms, shorts, t-shirt, and Polos for men and women; and accessories, such as belts, handbags, laptop bags, belts, wallets, school bags, and other bags. In addition, the company sells its products primarily under Bata, Hush Puppies, Nine West, North Star, Power, Bata Red Label, Bata Comfit, Bubblegummers, Disney, Naturalizer, Marie Claire, Scholl, Floatz by Bata, Weinbrenner, and Bata Industrials brand names through retail and franchisee stores, a wholesale network, and e-commerce. The company was formerly known as Bata Shoe Company Private Limited and changed its name to Bata India Limited in 1973. Bata India Limited was incorporated in 1931 and is based in Gurugram, India. Bata India Limited operates as a subsidiary of Bata (BN) B.V.",0.039,0.041149996,NA,NA,86.9,55.245613,5.0731,80946642944,-0.4432,-0.5874,0.2574,0.376
Rajesh Exports,RAJESHEXPO.NS,Consumer Cyclical,Luxury Goods,"Rajesh Exports Limited, a gold refiner, engages in the manufacture, wholesale, and retail of gold and various gold jewellery products in India. It also owns retail showrooms under the SHUBH Jewellers brand. The company also exports its products. The company serves wholesale gold jewellery buyers, bullion dealers, and retail customers. Rajesh Exports Limited was incorporated in 1989 and is headquartered in Bengaluru, India.",0.827,0.00018999999,NA,NA,5.833,11.915195,0.11542708,19912333312,-0.6432,-0.8662,0.4408,0.817
Kajaria Ceramics,KAJARIACER.NS,Industrials,Building Products & Equipment,"Kajaria Ceramics Limited manufactures, sells, and distributes ceramic and vitrified wall and floor tiles under the Kajaria, GresBond, and Eternity brands in India and internationally. The company operates through Tiles and Others segments. It offers ceramic wall and floor tiles, polished vitrified tiles, glazed vitrified tiles, grestough floor tiles, tile adhesives, and tile cleaners. The company also manufactures and sells sanitary ware and faucets; and trades plywood and laminates. It serves homeowners, architects, interior designers, developers, contractors, and other sectors. Kajaria Ceramics Limited was incorporated in 1985 and is headquartered in New Delhi, India.",0.204,0.107980005,NA,NA,7.302,35.585743,6.327891,191415959552,0.0158,-0.0891,0.2893,0.475
Cera Sanitaryware,CERA.NS,Industrials,Building Products & Equipment,"Cera Sanitaryware Limited manufactures, sells, and trades in building material products in India. The company offers sanitaryware, including toilets, wash basins, cisterns, seat covers, and fittings; faucets, showers, health faucets, allied products, and bath accessories; urinals; special needs bathroom products, shower chairs, and grab bars and handrails; green bathroom products; floor and wall tiles; shower partitions; kitchen sinks; bathtubs; and vanity cabinets and mirrors under the Senator, CERA Luxe, CERA, and Polipluz brands. It also exports its products. The company serves individual homeowners, small-scale buyers, construction companies, real estate developers, government bodies, and large entities through dealer and sub-dealer networks and direct engagement channels. The company was formerly known as Madhusudan Oils & Fats Ltd and changed its name to Cera Sanitaryware Limited in January 2003. Cera Sanitaryware Limited was founded in 1980 and is headquartered in Ahmedabad, India.",0.151,0.095249996,NA,NA,3.172,34.35292,4.7272825,69587738624,-0.101,-0.3527,0.3056,-0.119
Symphony Ltd,SYMPHONY.NS,Consumer Cyclical,"Furnishings, Fixtures & Appliances","Symphony Limited, together with its subsidiaries, manufactures and trades in air coolers and other appliances under the Symphony brand for residential, commercial, and industrial customers in India and internationally. The company offers household coolers, such as desert, room, personal, and spot; air cooler; industrial air coolers; portable cooler; commercial coolers; large space venti-cooling; tower fans; and water heaters, including spa, sauna, and soul geysers. The company was formerly known as Symphony Comfort Systems Limited and changed its name to Symphony Limited in March 2010. Symphony Limited was founded in 1939 and is based in Ahmedabad, India.",0.506,-0.12349,NA,NA,31.64,NA,7.4160843,40433721344,-0.3641,-0.3159,0.3399,0.274
Relaxo Footwears,RELAXO.NS,Consumer Cyclical,Footwear & Accessories,"Relaxo Footwears Limited engages in the manufacture and sale of footwear and related products for men, women, and kids in India and internationally. The company offers casual, running, athleisure, walking, sneakers, formal, sports, school, and training and gym shoes; and slippers, sandals, flip-flops, slides, chappals, and clogs, as well as footwear accessories. The company also provides wind power generation services. The company provides its products under the Relaxo, Bahamas, Flite, Sparx, BOSTON, Mary Jane, Schoolmate, and KidsFun brands. It sells its products through exclusive branded outlets and e-commerce portals. Relaxo Footwears Limited was founded in 1976 and is based in New Delhi, India.",0.077,0.06732,NA,NA,10.545,39.919353,3.3489318,73934757888,-0.352,-0.6705,0.3322,0.595
Larsen & Toubro,LT.NS,Industrials,Engineering & Construction,"Larsen & Toubro Limited engages in engineering, procurement, and construction projects (EPC) in India and internationally. The company operates through four segments: Infrastructure Projects, Energy Projects, Hi-Tech Manufacturing, and Others. The Infrastructure Projects segment is involved in the engineering and construction of building and factories, transportation infrastructure, heavy civil infrastructure, power transmission & distribution, renewables, water and effluent treatment, and minerals and metals. The Energy Projects segment provides EPC solutions in clean energy space, oil & gas, refineries, petrochemicals & offshore wind energy sectors, from front-end design through detailed engineering, modular fabrication, procurement, project management, construction, installation and commissioning; CarbonLite solutions for power generation plants including power generation equipment with associated systems; and carbon capture utilization and utility packages. The Hi-Tech Manufacturing segment designs, manufactures/constructs, supplies, and revamps/retrofits custom designed engineered critical equipment and systems for the process plants, nuclear energy, and green hydrogen sectors; marine and land platforms, related equipment and systems, and aerospace products and systems; precision and electronics products and systems; and electrolysers. The other segment engages in realty; smart infrastructure and communication projects; construction equipment; and industrial product design development, including marketing and servicing of construction equipment, mining machinery and parts thereof, manufacture and sale of rubber processing machinery, and ecommerce/digital platforms and data centers. It has a strategic partnership with General Atomics Aeronautical Systems, Inc. to manufacture Medium Altitude Long Endurance (MALE) Remotely Piloted Aircraft Systems (RPAS) in India, for the Indian armed forces. The company was founded in 1938 and is headquartered in Mumbai, India.",0.081,0.05588,NA,NA,97.64,32.050602,4.878976,5333131984896,0.074,0.3718,0.2545,0.507
Siemens India,SIEMENS.NS,Industrials,Specialty Industrial Machinery,"Siemens Limited, a technology company, industry, infrastructure, mobility, and healthcare business in India and internationally. It operates through Smart Infrastructure, Mobility, Digital Industries, and Others segments. The Smart Infrastructure supplies products, systems, solutions, and services for transmission and distribution of electrical energy for power utilities, industrial companies, and infrastructure segments. This segment offers systems for low and medium voltage distribution; solutions for smart grids and energy automation; and low voltage power supply systems, as well as intelligent and connected infrastructure for grids and buildings. The Mobility segment provides solutions for passenger and freight transportation, including rail vehicles, rail automation systems, rail electrification systems, turnkey systems, and related services. The Digital Industries segment offers products for automation and digitalization of discrete, hybrid, and process industries. This segments portfolio consists of industrial software and automation, and drives technology products for optimizing manufacturing value chain, covering product design, production planning, engineering, execution, and customer services. The Others segment provides services related parties and lease rentals. The company was formerly known as Siemens India Limited and changed its name to Siemens Limited in March 1987. Siemens Limited was founded in 1847 and is based in Mumbai, India.",0.148,0.19017,NA,NA,2.213,82.05291,9.975864,1380679286784,0.1914,0.7935,0.3222,0.576
ABB India,ABB.NS,Industrials,Specialty Industrial Machinery,"ABB India Limited develops and sells products and system solutions to utilities, industries, channel partners, and original equipment manufacturers in India and internationally. It operates through Motion, Robotics and Discrete Automation, Electrification, and Process Automation segments. The Motion segment offers motors, generators, and drives that provide power, motion, and control for a range of automation applications; as well as solutions and related services. Its Robotics and Discrete Automation segment provides value-added solutions in robotics, machine, and factory automation. The Electrification segment offers a range of digital and connected solutions for low- and medium-voltage applications, including EV infrastructure, solar inverters, modular substations, distribution automation, power protection, wiring accessories, switchgear, enclosures, cabling, sensing, and control. Its Process Automation segment provides products, systems, and services, such as turnkey engineering, control systems, measurement products, life cycle services, outsourced maintenance, and industry specific products for the optimization of the productivity of industrial processes in oil and gas, power, chemicals and pharmaceuticals, pulp and paper, metals and minerals, marine, and turbocharging industries. The company was formerly known as ABB Limited and changed its name to ABB India Limited in June 2013. ABB India Limited was incorporated in 1949 and is headquartered in Bengaluru, India. ABB India Limited operates as a subsidiary of ABB Asea Brown Boveri Ltd",0.121,0.21349001,0.19131,0.07907,1.547,94.22178,16.008362,1494483730432,0.3829,0.7565,0.3312,0.483
BHEL,BHEL.NS,Industrials,Specialty Industrial Machinery,"Bharat Heavy Electricals Limited operates as power plant equipment manufacturer in India and internationally. The company operates in two segments, Power and Industry. It offers equipment supplies; spares and services; and undertakes engineering, procurement, and construction works for coal and lignite, gas, hydro and nuclear power plant, transportation, transmission, defence, aerospace, captive power plants, process, renewables, upstream and downstream oil and gas, e-mobility and energy storage, and other industries. The company also provides coal based, gas-based, nuclear, and hydro power plants, as well as solar power systems; rail, transportation and transmission systems; defense and aerospace products; industrial systems; and battery energy storage system and e-mobility solutions. In addition, it offers steam generators and steam generator auxiliaries, soot blowers, valves, piping systems, seamless steel tubes, valves, pressurized fluidized bed gasifiers, steam and gas turbines, turbo generators, industrial sets, castings and forgings, condenser and heat exchangers, pumps, Hydro Power Plants, compressors, and automation and control systems. Further, the company provides software system solutions, medium voltage vacuum switchgears, on load tap changers, LT switchgears and bus ducts, transformers and reactors, capacitors, bushings, control gears, insulators and ceramics, and electrical machines. It also provides rail transportation systems and equipment, defence and aerospace, oil field equipment, and fabricated equipment and mechanical packages. The company has a strategic collaboration with E2S Company Limited for the development of excitation systems for synchronous machines. The company was incorporated in 1964 and is based in New Delhi, India.",0.403,0.06758,NA,NA,31.312,59.509945,5.5793796,1458810519552,0.7914,2.3656,0.4117,0.845
Cummins India,CUMMINSIND.NS,Industrials,Specialty Industrial Machinery,"Cummins India Limited engages in the design, manufacture, distribution, and service of engines, generator sets, and related technologies in India, Nepal, and Bhutan. The company operates through two segments, Engines and Lubes. It provides accelera, G-drive, fire pump drive, hydrogen, and natural gas and browse engines; and generators and power systems, including integrated power systems, alternators, transfer switches, generator set controls, system level controls and switchgears, remote monitoring, and browse generators. The company also offers engine components, such as fuel systems, turbochargers, and engine braking and valvetrain technologies; and aftertreatment emission solutions, as well as operates component care centers. In addition, it offers drivetrain and braking systems comprising axles, brakes, carriers, drivelines, gearboxes and power take-offs, tire inflation system, precision forged gears, suspensions, transfer cases, trailer solutions, and transmissions; parts and sales and services; software and electronic products; and digital products. The company serves Data Centers, Healthcare, Hospitality, Infrastructure, Realty, Manufacturing, and water treatment industries, as well as end users, original equipment manufacturers, channel partners, dealers, and retailers. It exports to the United States, Europe, Mexico, Africa, the Middle East, and China. The company was incorporated in 1962 and is headquartered in Pune, India. Cummins India Limited is a subsidiary of Cummins Inc.",0.179,0.18694,NA,NA,0.431,58.142265,16.173767,1370753990656,0.2594,1.9666,0.3087,0.527
Thermax,THERMAX.NS,Industrials,Conglomerates,"Thermax Limited provides energy, environmental, and chemical solutions in India and internationally. It operates in Industrial Products, Industrial Infra, Green Solutions, and Chemical segments. The Industrial Products segment offers manufacturing, installation, sales and services related to boilers and heating equipment, absorption chillers/heat pumps, air pollution control equipment/ systems, water & waste recycling, including associated services and engineering, procurement and construction. The Industrial Infra segment provides engineering, procurement, and construction (EPC) of power plants, infra projects, and flue gas desulphurisation projects, along with associated services and manufacturing, installation, sales and services related to boiler and heater plants. The Green solutions segment builds, owns and operates BOO models, energy management solutions, oil and gas-fired, green hydrogen projects and renewable energy (Solar/Wind). The Chemical segment offers manufacturing, installation, sales and services related to ion exchange resins, performance chemicals, construction chemicals, water treatment chemicals, oil field chemicals, paper and construction chemicals, and related services. It also operates cogeneration, waste heat recovery power, captive power, and independent power plants, as well as offers operation and maintenance services. In addition, the company offers steam boilers; waste heat recovery units; fired heaters and process furnaces; thermic fluid, hot air, and hot water heaters; and waste heat recovery. It serves automobiles, cement, chemicals and fertilizers, commercial/construction, dairy, distillery, paper and pulp, pharmaceuticals, plywood, power generation, food, refineries and petrochemicals, soft beverages, metals, sugar, textiles, and tyre industries. Thermax Limited was incorporated in 1966 and is headquartered in Pune, India. Thermax Limited is a subsidiary of RDA Holdings Private Limited.",0.071,0.05474,NA,NA,42.166,65.30025,6.9984956,388322492416,0.0434,0.1771,0.3737,0.301
BEML Ltd,BEML.NS,Industrials,Conglomerates,"BEML Limited provides products and services to the mining and construction, rail and metro, power, and defense and aerospace sectors in India. The company offers high mobility vehicles, combat mobility vehicles, 1500 horsepower engines, aggregates for combat vehicles, aircraft towing tractors, aircraft weapon loaders, ground support and handling equipment, tank transportation trailers, milrail wagons, rocket motor casings for missiles, airborne structures and assemblies, and construction equipment for the defense and aerospace industries. It also provides bulldozers, dump trucks, excavators, shovels/walking dragline, water sprinklers, motor graders, loaders, pipe layers, wheeled dozers, and tyre handlers to the mining and construction industries. In addition, the company offers metro cars, electrical multiple units, maintenance vehicles, passenger trains, steel and aluminum wagons, and treasury vans to the rail and metro industries. It also exports its products. The company was formerly known as Bharat Earth Movers Limited. BEML Limited was incorporated in 1964 and is based in Bengaluru, India.",0.293,0.03934,NA,NA,10.529,97.67386,5.781471,169618046976,-0.0431,0.8114,0.4871,0.685
Bharat Forge,BHARATFORG.NS,Industrials,Metal Fabrication,"Bharat Forge Limited engages in the manufacture and sale of forged and machined components in India and internationally. It operates through three segments: Forgings, Defence, and Others. The company offers automotive components comprising crankshafts, connecting rods, emission/after treatment, and fuel injection systems; chassis, such as front axle beams, steering knuckles, control arms, knuckle, forks, and reinforcement brackets; transmission and driveline components; and power generation components for thermal, hydro, and wind energy. It provides oil and gas forging products, such as subsea, surface, and drilling components; rail products, including engine and bogie components, turbochargers, and power electronics; and marine products that include propellers, marine motor, stern tube, crankshaft, conrod, piston rod, stock, trunk, and pintle. In addition, the company offers various components, such as turbochargers and superchargers, rotor assembly, and air cycle machine for land, marine, and aviation application; construction and mining products, including machined crankshafts, injector bodies, front spindles, and track links; and e-mobility, castings, and defense products. Further, it provides aerostructures, landing gear, and critical engine components. The company was incorporated in 1961 and is headquartered in Pune, India.",0.187,0.040260002,NA,NA,76.475,135.76741,10.02106,981250670592,0.6045,0.8383,0.3216,0.524
AIA Engineering,AIAENG.NS,Industrials,Specialty Industrial Machinery,"AIA Engineering Limited designs, develops, produces, installs, and services high chromium parts in India, the United Arab Emirates, and internationally. The company offers lining systems, DE assemblies, fasteners, and ceramic composite alloys; diaphragms, shell liners, grinding media, mill liners, FLS, pfeiffer, polysius, and loesche; blow bars, hammers, impellers, anvils, feed disks, and frame liners; and wear-resistant components, tube mill lining and air flow regulation systems, and mill parts. It also provides services, such as design and holistic process modelling; installation supervision; wear monitoring, including scanning; circuit diagnostics, air flow regulation system, and ball charge optimization; ball sorting; mill operation, audit, analysis, and tuning; and condition monitoring. In addition, it serves mining, cement, quarry, and thermal power generation industries. AIA Engineering Limited was founded in 1978 and is based in Ahmedabad, India.",0.124,0.27836,NA,NA,0.128,28.904127,4.556737,365759856640,0.2905,0.184,0.2691,0.248
Grindwell Norton,GRINDWELL.NS,Industrials,Building Products & Equipment,"Grindwell Norton Limited provides abrasives, life sciences, performance plastics, and ceramics solutions in India and internationally. The company operates through the Abrasives, Ceramics & Plastics, Digital Services, and Others segments. It offers abrasives, such as bonded and coated abrasives, thin wheels, superabrasives, non-woven abrasives, construction products, automotive aftermarket, adhesives and sealants, and performance grinding solutions; performance polymer solutions, including engineered components, tape solutions, and life sciences. The company also provides ceramic systems, wear resistance technology, specialty ceramics, energy, iron and steel, foundry, and non-ferrous; silicon carbide solutions comprising metallurgy and crucible applications, abrasives and refractories industry, ceramic foam filters, and applications in advanced materials; and technical textiles and glass fiber technical fabrics for construction, infrastructure, and industrial markets. In addition, it offers plant engineering, system integration, customized automation, utilities and environmental engineering, special purpose machine building, contract manufacturing, and electrical and automation solutions. The company was founded in 1941 and is based in Mumbai, India. Grindwell Norton Limited operates as a subsidiary of Compagnie de Saint-Gobain S.A.",0.142,0.13763,NA,NA,2.381,50.13215,8.616931,218417332224,0.2346,-0.0259,0.3349,0.51
SKF India,SKFINDIA.NS,Industrials,Tools & Accessories,"SKF India Limited engages in the manufacturing, trading, and servicing bearings, seals, and motion technologies in India and internationally. The company offers Bearings, such as rolling bearings, mounted bearings and housings, precision bearings, slewing bearings, plain bearings, magnetic bearings and systems, and thin section bearings. It also provides industrial seals including power transmission, hydraulic, fluid handling, and machined seals. In addition, it offers automotive seals, such as bearing, body, driveline, engine, eDrive unit, suspension, and wheel seals, as well as two wheeler sealing solution; lubrication solutions comprising lubricants, manual lubricant tools, lubricators, automatic lubrication system, and lubrication system components; and maintenances products including hydraulic and mechanical tools, and heaters for mounting and dismounting, as well as alignment tools. Further, the company provides condition monitoring systems, which include portable condition and continuous monitoring, and machine protection systems; power transmission solutions comprising belts, pulleys, chains, sprockets, bushing and hub, coupling, and bolts and tightening systems; and test and measuring equipment. It serves aerospace, agriculture, automotive, construction, food and beverage, general machinery, humanoid robotics, hydrogen, machine tools, marine, material handling, metals, mining, mineral processing and cement, ocean energy, pulp and paper, railways, wind energy, data centers sectors. The company was founded in 1923 and is headquartered in Pune, India. SKF India Limited is a subsidiary of SKF Interim Ab.",-0.542,0.068330005,NA,NA,0.219,36.307476,5.726101,76124577792,-0.667,-0.6819,0.5353,0.375
Timken India,TIMKEN.NS,Industrials,Tools & Accessories,"Timken India Limited manufactures, sells, and distributes tapered and other roller bearings, components, accessories, and mechanical power transmission products in India, the United States, and internationally. The company offers engineered bearing products, such as mounted, roller, energy efficient, ball, precision, plain, thrust bearings, engineered seals, bearing accessories, and lubricant solutions, as well as bearing repair; grease lubrication and filtration systems; and sealing solution, oil, rail, automotive, and industrial seals. It also provides brakes and clutches; chains and augers; lovejoy couplings; torsion contril couplings; industrial and precision gearing; linear motion; and aerospace, industrial, and rail bearing repair services. In addition, the company offers maintenance contract and refurbishment services. It sells its products under Timken, Rollon, Philadelphia Gear, GGB, Groeneveld, BEKA, Cone Drive, Nadella, LoveJoy, Diamond, Drives, SPINEA, PT Tech, Lagersmit, Torsion Control, Des-Case, and CGI Inc brand names. The company serves various markets, including aerospace and defense, automation, robotics, industrial machinery, construction, food and beverage, marine, mining, power-generation and renewable energy, and rail markets. The company was formerly known as Tata Timken Limited and changed its name to Timken India Limited in July 1999. The company was incorporated in 1987 and is based in Bengaluru, India. Timken India Limited operates as a subsidiary of Timken Singapore Pte Ltd.",0.166,0.118389994,NA,NA,0.5,56.69496,8.274234,241158799360,0.0701,0.0631,0.3134,0.386
Schaeffler India,SCHAEFFLER.NS,Consumer Cyclical,Auto Parts,"Schaeffler India Limited engages in the development, manufacture, and distribution of high-precision roller and ball bearings, and related components in India and internationally. The company operates in two segments, Mobility Components and Related Solutions; and Others. It offers ball, plain, and roller bearings; linear guidance systems; cylindrical, spherical, needle, and tapered roller bearings; mounting and dismounting products; and lubrication, alignment, and condition monitoring products, as well as wheel bearings. The company also provides mechatronic products; release system, timing drive, front end auxiliary drive, steering and suspension, wheel bearing, cooling, dampers, valve train, flywheels; and clutch systems for passenger cars, light commercial vehicles, heavy commercial vehicles, and tractors; assembly machines, testing systems, handling technology, machining centers, digitalization services, robotics, and vision systems; and concentric slave cylinder, clutch master cylinder, semi slave cylinder, adapter, and high-pressure pipe assemblies. In addition, it offers engine, gear, chassis, transmission, grease, coolant, hydraulic, and shock absorber oil; spare part solutions; and maintenance, repair, and digital services. The company offers its products under the Schaeffler, LuK, INA, FAG, and Schaeffler TruPower brands. It serves aerospace, productronics, food, beverage and packaging, medical equipment, printing machinery, robotics, construction machinery, agriculture, pneumatic, industrial transmission, fluid, electric motors, rail, wind, water, solar, mining and processing, metallurgical production and processing, and textile machinery, as well as machine tools, two-wheelers, power transmission, raw material, paper, and pulp industries. The company was formerly known as FAG Bearings India Limited and changed its name to Schaeffler India Limited in July 2017. Schaeffler India Limited was incorporated in 1962 and is based in Pune, India.",0.173,0.119320005,0.21645,0.12267999,0.783,50.046204,10.211091,626418188288,-0.0069,0.3387,0.3041,0.111
Honeywell Automation,HONAUT.NS,Industrials,Electrical Equipment & Parts,"Honeywell Automation India Limited manufactures and sells industrial process control and automation systems in India and internationally. The company offers environmental and combustion controls, sensing and control solutions, and engineering services. It also provides building solutions, including advanced airfield ground lighting systems, visual docking and guiding systems, Navitas software for airport operations, after-sales services, and maintenance programs. In addition, the company offers building management systems, such as controllers, field devices, and software solutions for healthy buildings and heating, ventilation, and air conditioning applications across the pharmaceuticals, healthcare, public infrastructure, airports, stadiums, metro stations, IT parks, residential complexes, industrial spaces, and hospitality sectors. Further, it offers sensing solutions, such as pressure switches, airflow sensors, humidity and temperature sensors, and oxygen and breath sensors for the transportation, medical and healthcare, and defense and aerospace industries. Additionally, the company provides contract manufacturing, installation, and repair and maintenance services for industrial control and automation systems; application software development, project management, solution consulting, system integration and testing, and site commissioning; and training for engineers, as well as trades in sensing, measurement, and control equipment. It serves the oil and gas, refining, pulp and paper, chemicals and petrochemicals, life sciences, commercial buildings, smart cities, materials, data centers, heavy industry, LNG, low-carbon energy, manufacturing, and utilities industries, as well as the public sector. The company exports its products. The company was formerly known as Tata Honeywell Ltd. The company was incorporated in 1984 and is based in Pune, India. Honeywell Automation India Limited operates as a subsidiary of Hail Mauritius Limited.",0.018,0.117180005,NA,NA,2.476,54.440086,6.7093496,299615813632,-0.0939,-0.166,0.277,0.499
CG Power and Industrial Solutions,CGPOWER.NS,Industrials,Electrical Equipment & Parts,"CG Power and Industrial Solutions Limited, together with its subsidiaries, provides various solutions in India and internationally. It operates through the Power Systems, Industrial Systems, Semiconductors, and Others segments. The company offers power and distribution transformers; switchgears, including high and extra-high voltage, medium voltage, power quality, and relays and automation products; motors comprising fractional horse power motors, large industrial machines, low tension motors, and stampings and laminations; and drives and automation products that include variable frequency drives, modular converters, soft starters, and shaft power monitors. It also provides railway products, including traction machines and systems, rail transportation traction electronics, and railway signaling products, as well as BLDC industrial fans and control panels for locomotives. In addition, the company offers semiconductor design, outsourced semiconductor assembly and testing, and turnkey solutions. Further, it engages in the manufacture and dealing in specialty adhesive tapes and labels; manufacture, sale, maintenance, and repair of electronic devices and facilities in drive technology; development, production, and marketing of inverter products; and design, manufacture, supply, and installation of electronic safety embedded signaling systems for the railway transportation sector. The company was formerly known as Crompton Greaves Limited and changed its name to CG Power and Industrial Solutions Limited in February 2017. The company was founded in 1878 and is headquartered in Mumbai, India. CG Power and Industrial Solutions Limited operates as a subsidiary of Tube Investments of India Limited.",0.14,0.0975,NA,NA,1.446,112.294044,17.506767,1395864895488,0.154,1.0555,0.3703,0.42
Kirloskar Oil Engines,KIRLOSENG.NS,Industrials,Specialty Industrial Machinery,"Kirloskar Oil Engines Limited manufactures and distributes diesel engines, agricultural pump sets, electric pump sets, power tillers, generating sets, and spares in India and internationally. It operates in three segments: Business to Business, Business to Customer, and Financial Services. The company offers power generation solutions, such as gensets, backup solutions, generator electrical, retrofit emission control device, and dual fuel kit for residential gensets, telecom, infrastructure, realty, hospitality, banks, defense, retail, healthcare, manufacturing, and data center; and industrial engines for excavation, construction, railways, mining, agriculture, fishery, defense, oil and gas, and fluid handling sectors. It also provides fuel agnostic gensets, energy storage solutions, dual fuel solutions, modular energy solutions, and microgrids; Engine based, Electric, International, and Industrial, residential pumps, agriculture pumps, industrial pumps, solar pumps, diesel engines, diesel pumps, and petrol engine pumps; control panels, diesel gensets, gas-powered gensets, battery energy storage systems, intelligent power monitoring systems, and fluid-handling solutions; and genuine oils, batteries, coolants, diesel exhaust fluids, industrial oils, mobile light towers, retrofit emission control devices, dual fuel kits, genuine spare parts, and funnel fuel filters. In addition, the company offers construction, mining, defense, marine, nuclear, agriculture, fluid handling, railways, and oil and gas equipment. Further, it provides company offers, spares, allied products, and after sales support services to customer support and service and retail channel sectors; and firefighting solutions. Further, it provides financial services. The company was formerly known as Kirloskar Engines India Limited and changed its name to Kirloskar Oil Engines Limited in March 2010. Kirloskar Oil Engines Limited was founded in 1946 and is headquartered in Pune, India.",0.134,0.06868,NA,NA,154.864,57.06809,8.580823,311005020160,1.205,3.4861,0.4284,0.724
Triveni Turbine,TRITURBINE.NS,Industrials,Specialty Industrial Machinery,"Triveni Turbine Limited, together with its subsidiaries, manufactures and supplies power generating equipment and solutions in India and internationally. The company offers backpressure and condensing steam turbines for a range of combined heat and power and power generation applications; and American Petroleum Institute single and multi-stage steam turbines for various drive, chemicals, petrochemicals, petroleum refineries, and fertilizer applications. It also provides sustainable modularly arranged pressure-reducing turbines for pressure-reducer desuperheater applications; and carbon dioxide heat pumps and chiller solutions for dairy and food, pulp and paper, automobile, pharmaceuticals, distilleries and breweries, district and commercial heating, textile, marine, and boiler feed water heating and paint chilling applications. In addition, the company offers spares, upgrades, and automation services, as well as service solutions, including preventive maintenance, LTSA/AMC, troubleshooting, restoration, turnkey solutions, OEM services, high-speed balancing, remote monitoring, balance of plant solutions, and training programs; and multi-brand services. Further, it provides manufacturing, servicing, and trading in rotating industrial machinery; and trading and services for steam turbines and parts. Additionally, the company delivers grid-scale energy storage, industrial and commercial heating and cooling, and zero liquid discharge plant solutions. The company also exports its products. Triveni Turbine Limited was formerly known as Triveni Retail Ventures Limited and changed its name to Triveni Turbine Limited in March 2010. The company was founded in 1968 and is headquartered in Noida, India.",0.192,0.14930001,NA,NA,2.476,52.33239,12.166583,176180428800,0.0652,0.3804,0.4479,0.529
NCC Ltd,NCC.NS,Industrials,Engineering & Construction,"NCC Limited operates in the construction business in India and internationally. It operates through the Construction, Real Estate, and Others segments. The company constructs buildings, including hospitals, medical colleges, institutional buildings, sports complexes, housing projects, IT parks, hospitals, stadiums, and industrial and commercial buildings; transportation projects comprising construction of expressways and highways, highway realignment and bypass, carriageway widening and strengthening, road sections, rehabilitation and up-gradation, runways, metro projects, bridges, and flyovers; and water and environment projects, such as water supply pipelines, water treatment plants, water distribution networks, river intake works, underground drainage networks, lift irrigation schemes, sewage pumping stations and treatment plants, and storage tanks. It also engages in the irrigation projects, including dams, reservoirs, canals, tunnels, barrages, spillways, hydroelectric power projects, and aqueducts; mining projects that consist of overburden removal, coal excavation and transportation, and mine development and operation; railway projects, which include civil EPC, track laying, signaling and telecommunication, dedicated freight corridor, and high-speed rail; and electrical projects comprising transmission and distribution lines, substations, project electrification, system improvements, smart meters, optical fibre, and allied systems. The company was formerly known as Nagarjuna Construction Company Limited and changed its name to NCC Limited in March 2011. NCC Limited was founded in 1978 and is headquartered in Hyderabad, India.",0.122,0.03261,NA,NA,57.389,11.912108,1.0597453,83390586880,-0.3498,-0.0744,0.4105,0.555
IRB Infrastructure,IRB.NS,Industrials,Infrastructure Operations,"IRB Infrastructure Developers Limited engages in the infrastructure development in India. It operates through Built, Operate and Transfer (BOT)/Toll, Operate and Transfer (TOT); InvITs & Related Assets; and Construction segments. The company is involved in the operation and maintenance of roads; airport development; development of highways; investment in units of IRB Infrastructure Trust, IRB InvIT Fund, and other related assets; and real estate activities. It also engages in construction, tolling, operations and maintenance activities in its portfolio of BOT, TOT, and hybrid annuity model projects. The company was incorporated in 1998 and is based in Mumbai, India.",-0.089,0.15478,NA,NA,95.6,22.666668,1.0001131,213539045376,-0.15,0.1375,0.3987,-0.087
GMR Airports Infrastructure,GMRINFRA.NS,Construction/Infrastructure,NA,NA,NA,NA,NA,NA,NA,NA,NA,NA,NA,NA,NA,NA
Adani Ports & SEZ,ADANIPORTS.NS,Industrials,Marine Shipping,"Adani Ports and Special Economic Zone Limited, together with its subsidiaries, develops, operates, and maintains port infrastructure in India and internationally. The company is involved in the operation of ports and terminals, including bulk and break bulk, container, liquid, dry bulk, general, LPG/LNG, and crude cargo; terminal and ports related infrastructure development activities; and development of infrastructure at contiguous Special Economic Zone at Mundra. It also offers logistic services, which include logistic parks, container rail and bulk cargo logistic solutions, and warehousing, as well as auto, road, and agri logistic services. In addition, the company operates a fleet of dredging and reclamation service equipment comprising cutter suction, trailing suction hopper, water injection, grab, and specialized dredgers; split hopper, flat top, and jack up barges; and multi utility craft, survey vessels, floating crane, drag flow unit, and floating booster, as well as dozers, excavators, loaders, and other equipment. Further, it provides non-scheduled passenger airline services; hospital and related services; and marine services, such as pilotage, laying, mooring of vessels at berth and mid-stream, and maintenance of buoys. Additionally, the company engages in the development, construction, operation, and maintenance of railway corridors; land development activities; integrated textile park and container freight station businesses; develops inland container depots; owns and operates harbour tugs, barges, other port crafts, ocean towage and offshore support vessels; warehousing and storage facilities, hospital, and other related services; and provision of cargo storage-cum logistics services. Adani Ports and Special Economic Zone Limited was incorporated in 1998 and is headquartered in Ahmedabad, India.",0.186,0.32431,NA,NA,64.051,30.532785,4.2929688,4119478665216,0.2523,1.1913,0.3441,0.493
Hindustan Construction Company,HCC.NS,Industrials,Engineering & Construction,"Hindustan Construction Company Limited provides engineering and construction services in India and internationally. The company constructs roads, highways, expressways, bridges, elevated corridors, railways, metro rails, ports, and marine structures; dams, barrages, tunnels, powerhouses, shafts, and various underground works; and reactors, auxiliary buildings, spent fuel buildings, safety pump houses, and control buildings. It also constructs integrated water supply systems, bulk water transmission and irrigation projects, water treatment and sewage treatment plants, and aqueducts; hydrocarbon, and metals and process plants and factories; and residential and commercial buildings, institutional buildings, and station buildings. In addition, the company provides toll management, real estate development, and information technology consulting services. It serves state and central government departments, ministries, and municipal bodies. Hindustan Construction Company Limited was incorporated in 1926 and is based in Mumbai, India.",-0.09,0.04284,NA,NA,47.912,31.731342,2.6179042,55689891840,-0.2431,-0.2023,0.5549,0.688
J Kumar Infraprojects,JKIL.NS,Industrials,Engineering & Construction,"J. Kumar Infraprojects Limited engages in the construction business in India. The company executes contracts of various infrastructure projects, including transportation engineering, irrigation projects, civil construction, piling work, etc. Its transportation engineering projects includes roads, underground and elevated metros, bridges, flyovers, subways, road over bridges, skywalks, railway terminus/stations etc.; civil construction projects comprising hospitals and medical colleges, commercial complexes, sports infrastructure, institutional buildings, and other civil constructions. The company also offers sewage treatment plants, riverfronts, tunnels and other projects, as well as undertaking residential and commercial properties projects. In addition, the company serves government departments, public sector entities across central, state, and municipal levels, metro rail corporations, public works departments, urban development authorities, municipal corporations, private sector companies, and other government-affiliated bodies. J. Kumar Infraprojects Limited was incorporated in 1980 and is based in Mumbai, India.",0.018,0.06622,NA,NA,18.443,9.4032955,1.0572106,35831398400,-0.2314,0.1386,0.3921,0.329
PNC Infratech,PNCINFRA.NS,Industrials,Engineering & Construction,"PNC Infratech Limited, together with its subsidiaries, engages in the construction, development, operation, and management of infrastructure projects in India. The company undertakes various infrastructure projects, including roads, highways, bridges, flyovers, power transmission lines, airport runways and pavements, rural drinking water supply, irrigation, industrial area development, rail freight corridors, and other infrastructure projects. It also provides end-to-end infrastructure implementation solutions, such as engineering, procurement, and construction services on a fixed-sum turnkey basis, as well as on an item rate basis; and executes and implements projects on a design-build-finance-operate-transfer, operate-maintain-transfer, hybrid annuity model, and other public-private partnership formats. The company was formerly known as PNC Construction Company Limited and changed its name to PNC Infratech Limited in August 2007. PNC Infratech Limited was founded in 1989 and is headquartered in Agra, India.",0.187,0.12999,NA,NA,75.883,4.7896037,0.51049054,34748227584,-0.5473,-0.6293,0.4211,0.531
KNR Constructions,KNRCON.NS,Industrials,Engineering & Construction,"KNR Constructions Limited, together with its subsidiaries, engages in the construction, engineering, and infrastructure development activities in India. The company provides engineering, procurement, and construction services for roads, highways, bridges and flyovers, expressways, roads & highways, viaducts, irrigation, urban water infrastructure management, and other projects. The Company also builds reservoirs, lift irrigation schemes, pump houses, elevated corridors, flyovers, grade separators and utility infrastructure. KNR Constructions Limited was incorporated in 1995 and is based in Hyderabad, India.",-0.04,0.14757,NA,NA,49.162,8.560142,0.6796566,33824083968,-0.4002,-0.5631,0.3903,0.473
Dilip Buildcon,DBL.NS,Industrials,Engineering & Construction,"Dilip Buildcon Limited, together its subsidiaries, engages in the development of infrastructure facilities on engineering, procurement, and construction (EPC) basis in India. The company operates through Engineering, Procurement and Construction (EPC) Projects & Road Infrastructure Maintenance, and Annuity Projects & Others segments. It is involved in roads, highways, bridges, tunnels, irrigation, mining, water supply, metros, airport, and urban infrastructure, as well as canals, dams, metro rail viaducts development related business. In addition, the company engages in road infrastructure maintenance and toll operations; and undertakes contracts from various government and other parties and special purpose vehicles. It serves central and state governments, government agencies, and public sector enterprises (PSEs). Dilip Buildcon Limited was founded in 1987 and is headquartered in Bhopal, India.",-0.093,0.13572,NA,NA,115.513,5.3627615,0.79084015,67000373248,-0.2607,0.366,0.4235,0.618
G R Infraprojects,GRINFRA.NS,Industrials,Engineering & Construction,"G R Infraprojects Limited provides civil construction services in India. It operates through the Engineering, Procurement, and Construction; Built, Operate and Transfer/Annuity Projects; and Others segments. It offers engineering, procurement, construction (EPC), and project management services for roads and highways, bridges, airport runway, railways and metro, hydro and tunneling, power transmission and distribution, ropeways, logistics infrastructure, telecom and IT infrastructures. The company also constructs and develops state and national highways, bridges, culverts, flyovers, airport runways, tunnels, and rail over bridges. It also offers a range of services on a turnkey basis in railway infrastructure projects, such as civil infrastructures, including earthworks, bridges, station buildings, and facilities; new track laying and rehabilitation of existing tracks; railway electrification and power systems; and signaling and telecommunication services. In addition, the company constructs tunnels in hydropower, railways, metro rail, roads, and highways; designs, constructs, and maintains transmission lines, substations, and distribution networks; and provides multimodal logistics solutions comprising road and rail to support cargo movement and bolster. Further, it manufactures bitumen emulsion, construction chemicals, metal crash barrier, OHE MAST, road signage board, and thermoplastic paint.; and undertakes repair and maintenance of EPC and HAM projects. The company was formerly known as G.R. Agarwal Builders and Developers Limited and changed its name to G R Infraprojects Limited in August 2007. G R Infraprojects Limited was incorporated in 1995 and is headquartered in Udaipur, India.",0.401,0.11047,NA,NA,51.877,7.7364063,0.83806145,78608252928,-0.3752,-0.3389,0.3148,0.604
RITES Ltd,RITES.NS,Industrials,Engineering & Construction,"RITES Limited, together with its subsidiaries, operates as an engineering consultancy company in the field of railways, highways, airports, ports, ropeways, urban transport, and inland waterways. The company operates through five segments: Consultancy Services; Leasing of Railway Rolling Stock & Equipments; Export of Rolling Stock, Equipments and Spares; Turnkey Construction Projects; and Power Generation. It provides consultancy services, including conducting techno-economic and feasibility studies and preparation of detailed project reports, design engineering services, procurement assistance services, project management consultancy services, quality assurance services and inspection, training services, construction supervision, materials system management services, and commissioning support and general transaction advisory services. The company also undertakes turnkey construction projects, such as railway line enhancement works for railway systems, modernization of railway workshops, and building works; leases locomotives; and provides quality assurance services, including pre-dispatch inspections, in-process/stage inspections, testing, and conformity assessments. In addition, it offers integrated export packages for rolling stock, including supply, leasing, rehabilitation, maintenance and spare part support; and renders technical consultancy for the establishment of new and modernization of existing workshops, facility planning for rolling stock maintenance, and training and technology transfer. The company serves governments, governmental instrumentalities, public sector enterprises, and large private entities in India, Asia, Africa, and internationally. RITES Limited was incorporated in 1974 and is based in Gurugram, India.",0.087,0.16983,NA,NA,0.236,23.25671,3.5782764,95789137920,-0.1812,-0.1136,0.4315,0.261
IRCON International,IRCON.NS,Industrials,Engineering & Construction,"Ircon International Limited, together with its subsidiaries, engages in providing engineering and construction services. It undertakes construction of new railway lines; rehabilitation/conversion of existing lines, station buildings and facilities, and bridges; construction of railway bridges, tunnels, and signaling and telecommunication networks; railway electrification works; wet leasing of locomotives; and setting up of production units for manufacture rolling stock, maintenance depots/workshops, concrete sleepers, and track components on turn-key basis. The company is also involved in the construction of roads and highways; bridges and flyovers; and commercial, institutional, industrial, and residential and multifunctional complexes, as well as airport hangars and runways, airport terminal buildings, station buildings and facilities, hospitals, business centers, and workshops/warehouses; and provision of HVAC, electrification, plumbing, firefighting, and hanger maintenance services. In addition, it engages in the railway, industrial, workshop, and power supply electrification works; renewable solar energy works; and distribution network works, as well as offers turnkey project management services. Further, it provides turnkey solutions for signaling and communication projects. The company operates in India, Algeria, Afghanistan, Bangladesh, Bhutan, Brazil, Indonesia, Iran, Iraq, Liberia, Malaysia, Mozambique, Myanmar, Nepal, Nigeria, Saudi Arabia, South Africa, Sri Lanka, Turkey, the United Kingdom, and Zambia. The company was formerly known as Indian Railway Construction Company Limited. Ircon International Limited was incorporated in 1976 and is headquartered in New Delhi, India.",0.095,0.05667,NA,NA,85.833,16.225113,1.498946,99647635456,-0.3788,-0.2286,0.4819,0.625
Rail Vikas Nigam,RVNL.NS,Industrials,Engineering & Construction,"Rail Vikas Nigam Limited, together with its subsidiaries, engages in rail infrastructure works in India and internationally. The company undertakes rail project development and implementation, as well as provides financial resources mobilization services. It also executes various railway projects, including new lines, doubling, gauge conversion, railway electrification, workshops, bridge work, mega and monumental bridges, metro and metropolitan transport projects, new lines, hilly railway projects, construction of cable stayed bridges, institutional buildings, track renewal, training institutes, railway and other safety works, traffic facilities, and road over bridges, etc. In addition, the company engages in civil engineering; equipment and engine; installation of solar energy systems, and electricity transmission and control apparatus; installation and maintenance of underwater telecommunications and power cables; contracting of electrical fittings, ports and marine construction, bridges and dams, and tunnels; construction and reconstruction; tourism sector engagement; business planning and implementation; consulting; construction of rail links, subways, irrigation systems, canals, water main storage towers, transmission lines, and feeder bays; installation, maintenance, and repair of solar energy collectors; multimodal logistics park; and operation and maintenance of railway facilities. It serves Indian Railways, various central and state government ministries, departments, and public sector undertakings. Rail Vikas Nigam Limited was incorporated in 2003 and is based in New Delhi, India.",0.106,0.0432,NA,NA,49.078,47.806004,4.3942513,431599157248,-0.3989,0.2379,0.4782,0.813
Engineers India,ENGINERSIN.NS,Industrials,Engineering & Construction,"Engineers India Limited, an engineering consultancy company, provides design, engineering, procurement, construction, and integrated project management services for oil, gas, fertilizers, steel, railways, power, infrastructure, and petrochemical industries worldwide. The company operates through two segments, Consultancy & Engineering Projects, and Turnkey Projects. It offers supply chain management services, such as supplier/contractor registration, contracting and purchase of goods/services/works, expediting, inspection, and supplier/contractor performance review; and develops process technologies for various industries. In addition, the company provides construction services comprising pre-construction activities, including bid management process, plot plan review/heavy lift study, etc.; and construction services comprising site construction management, liaison with statutory authorities, construction quality and warehouse management, HSE management, contracts administration, pre commissioning and commissioning assistance, and contract and site closing services. Further, it offers heat and mass transfer equipment design, environment engineering, specialist materials and maintenance, specialist materials, and maintenance services and plant operations and safety services; and pre-feed and feed engineering services for a range of processes in the hydrocarbon processing industry. Additionally, the company provides project management, third party inspection, quality assurance, independent engineer and lender's engineer services, and project appraisal and project execution services. It also offers certification, recertification, third party inspection, safety audits for offshore and onshore oil and gas facilities and other qualitative sensitive sectors of the industry. Engineers India Limited was incorporated in 1965 and is headquartered in New Delhi, India.",-0.058,0.20222001,NA,NA,0.534,21.270214,5.6542764,177408671744,0.6204,1.327,0.4778,0.939
DLF Ltd,DLF.NS,Real Estate,Real Estate - Development,"DLF Limited, together with its subsidiaries, engages in the business of colonization and real estate development in India. The company is involved in the real estate development activities, including identification and acquisition of land, planning, execution, construction, and marketing of projects. The company also develops and sells residential housing projects, including under-construction projects. In addition, it operates and maintains commercial office spaces, as well as retail properties, such as malls, shopping complexes, recreational spaces, and hotels and clubs. In addition, the company engages in leasing, power generation, provision of maintenance services, and hospitality and recreational activities. Further, it owns and operates hotels under the The Lodhi and Hilton Garden Inn. The company was founded in 1946 and is based in Gurugram, India. DLF Limited operates as a subsidiary of Rajdhani Investments and Agencies Private Limited.",-0.529,0.65791,0.10102,NA,0.673,38.007793,3.7178566,1690637828096,-0.0747,0.3172,0.319,0.39
Godrej Properties,GODREJPROP.NS,Real Estate,Real Estate - Development,"Godrej Properties Limited, together with its subsidiaries, engages primarily in the business of real estate construction, development, hospitality, and other related activities in India. It develops residential and commercial projects. Godrej Properties Limited was incorporated in 1985 and is headquartered in Mumbai, India.",0.165,0.30754998,NA,NA,82.119,31.44839,2.6732898,512115146752,-0.1317,0.0705,0.3778,0.467
Oberoi Realty,OBEROIRLTY.NS,Real Estate,Real Estate - Development,"Oberoi Realty Limited, together with its subsidiaries, engages in real estate development business in India. The company operates through the Real Estate and the Hospitality segment. It develops and sells residential, commercial, retail, hospitality, and social infrastructure projects. The company also leases commercial properties; and owns and operates a hotel. In addition, it engages in the sale of rooms, food and beverages, and allied services related to hotel operations, as well as in the provision of property management services. Oberoi Realty Limited was incorporated in 1998 and is headquartered in Mumbai, India.",0.317,0.41592997,NA,NA,15.765,25.66989,3.7706106,675754737664,0.1083,0.6457,0.3213,0.322
Prestige Estates Projects,PRESTIGE.NS,Real Estate,Real Estate - Diversified,"Prestige Estates Projects Limited, together with its subsidiaries, engages in the real estate development and related activities in India. It develops residential projects, such as apartments, villas, integrated townships, and plotted developments. The company is also involved in the development of commercial properties, including office parks, corporate campuses, built-to-suit developments, business parks, and warehousing assets; shopping, dining, entertainment and culture destinations; and luxury hotels, resorts, convention centers, serviced residences and golf resorts. In addition, it offers fit-out services, interior designs and execution, facilities and property management, and project and construction management for its projects. The company was incorporated in 1986 and is based in Bengaluru, India. Prestige Estates Projects Limited operates as a subsidiary of Razack Family Trust.",0.159,0.08725,0.07752,NA,105.493,55.977276,3.9116142,636533145600,-0.0609,1.4276,0.4132,0.439
Phoenix Mills,PHOENIXLTD.NS,Real Estate,Real Estate - Diversified,"The Phoenix Mills Limited engages in the operation and management of malls, construction of commercial and residential properties, and hotel business in India. The company operates in three segments, Property and Related Services, Hospitality, and Residential Business. Its real estate asset portfolio consists of retail mall, commercial office, residential, and hospitality projects located in Mumbai, Chennai, Bengaluru, Pune, Kolkata, Lucknow, Bareilly, Agra, Ahmedabad, Indore, Surat, Chandigarh, Thane, and Coimbatore. The company owns and operates hotels under The St. Regis name; Courtyard by Marriott brand name in Agra; and various restaurants in Mumbai and Agra. It operates malls primarily under the Phoenix Palladium, Phoenix MarketCity, Palladium, Phoenix United, Phoenix Palassio, Phoenix Paragon, Phoenix Citadel, Phoenix Grand Victoria, Phoenix Mall of Asia, and Phoenix Mall of the Millennium brand names. The Phoenix Mills Limited was incorporated in 1905 and is based in Mumbai, India.",0.128,0.28164,NA,NA,37.211,54.65193,6.437862,707629875200,0.218,1.2248,0.3647,0.317
Brigade Enterprises,BRIGADE.NS,Real Estate,Real Estate - Development,"Brigade Enterprises Limited engages in the provision of real estate development, leasing, and related services in India. It operates through Real Estate, Hospitality, and Leasing segments. The company develops and sells various residential and commercial, and retail properties. It also manages star-rated hotels, clubs, and convention centres, as well as the Baking Company. Brigade Enterprises Limited was founded in 1986 and is based in Bengaluru, India.",-0.129,0.12562999,NA,NA,84.316,30.677273,28.589874,195012493312,-0.1309,0.3628,0.3764,0.177
Sobha Ltd,SOBHA.NS,Real Estate,Real Estate - Development,"Sobha Limited engages in the construction, development, sale, management, and operation of residential and commercial real estate under the Sobha brand primarily in India. It operates through the Real Estate, and Contractual and Manufacturing segments. The Real Estate segment comprises development, sale, management, and operation of townships and housing projects, as well as leasing of commercial premises. The Contractual and Manufacturing segment is involved in the development of commercial premises and other related activities, as well as manufacturing activities related to interiors, glazing, and metal works and concrete products. Its residential real estate portfolio includes apartments, villas, row houses, townships, and plotted developments. The company also provides contracting business services comprising design, civil and structural works, MEP, interior fit-outs, aluminum and glazing systems, and landscaping; glazing and metal works products, such as aluminum doors and windows, structural glazing systems, stainless steel finishes, and pre-engineered building modules tailored for commercial and institutional use; concrete products, including concrete blocks, pavers, kerb stones, water drainage channels, paving slabs, and related landscape; and interior products that consist of doors and frames, modular kitchens, wardrobes, bespoke furniture, panelling systems, partitions, and upholstered elements; and precast products, including columns, beams, slabs, staircases, and facade panels. The company was formerly known as Sobha Developers Limited and changed its name to Sobha Limited in August 2014. Sobha Limited was incorporated in 1995 and is headquartered in Bengaluru, India.",0.5,0.04106,NA,NA,24.62,56.81334,2.7794771,131189571584,-0.2175,0.8071,0.4128,0.428
Sunteck Realty,SUNTECK.NS,Real Estate,Real Estate - Development,"Sunteck Realty Limited, together with its subsidiaries, engages in real estate construction and development in India. The company develops residential, office spaces, commercial and retail, and mixed-use properties under the Signature Island, Signia Isles, Signia Pearl, Sunteck Crescent Park, Sunteck Sky Park, Sunteck City, Sunteck World, and Sunteck Beach Residence names. It also leases real estate properties and provides incidental services. The company was incorporated in 1981 and is headquartered in Mumbai, India.",0.017,0.18917,NA,NA,17.311,19.476944,1.1489493,41556295680,-0.3321,-0.3486,0.3934,0.737
Mahindra Lifespace Developers,MAHLIFE.NS,Real Estate,Real Estate - Development,"Mahindra Lifespace Developers Limited, together with its subsidiaries, engages in the real estate and infrastructure development business in India. It engages in the construction, development, and sale of residential and commercial properties; project management; and rental of properties. The company also sells freshwater and treated sewage to industrial customers. In addition, it is involved in establishing, acquiring, developing, and maintaining industrial park, townships, special economic zones, technology parks, software parks, industrial areas, and industrial estates, for industries and software and other knowledge based units; and provision of infrastructural facilities for parks and zones. Its development portfolio comprises residential projects under the Mahindra Happinest brand name; integrates cities and industrial clusters under the Mahindra World City and Origins by Mahindra brand names. The company was formerly known as Mahindra Gesco Developers Ltd. and changed its name to Mahindra Lifespace Developers Limited in October 2007. Mahindra Lifespace Developers Limited was founded in 1994 and is headquartered in Mumbai, India. Mahindra Lifespace Developers Limited is a subsidiary of Mahindra & Mahindra Limited.",29.095,0.1576,0.12038,NA,18.26,22.758291,2.099093,76217573376,-0.0355,-0.333,0.3177,0.126
Macrotech Developers (Lodha),LODHA.NS,Real Estate,Real Estate - Development,"Lodha Developers Limited, through its subsidiaries, engages in the development of real estate properties in India. It is involved in the development of residential, office, and retail properties, as well as leasing of retail and office spaces. The company also develops warehousing, logistics, light industrial facilities, and digital infrastructure parks. In addition, it offers financing, support, e-commerce application, and facility management services. The company was formerly known as Macrotech Developers Limited and changed its name to Lodha Developers Limited in June 2025. Lodha Developers Limited was founded in 1980 and is headquartered in Mumbai, India.",0.431,0.22692,NA,NA,42.238,28.092596,4.9975333,1164095127552,0.0171,0.5462,0.4077,0.611
Anant Raj,ANANTRAJ.NS,Real Estate,Real Estate - Development,"Anant Raj Limited is primarily engaged in the real estate and infrastructure development business in India and Singapore. It develops and constructs residential townships, group housings, commercial developments, information and technology parks, malls, office complexes, affordable housings, data centres, hospitality, and serviced apartments. The company was formerly known as Anant Raj Industries Limited and changed its name to Anant Raj Limited in October 2012. The company was founded in 1969 and is headquartered in New Delhi, India.",0.066,0.22770001,NA,NA,11.703,38.324024,3.838311,222188027904,-0.0876,1.8894,0.4976,0.352
Kolte-Patil Developers,KOLTEPATIL.NS,Real Estate,Real Estate - Development,"Kolte-Patil Developers Limited operates as a real estate development company in India. It constructs and develops residential complexes, commercial spaces, IT parks, and integrated townships; rents immovable properties; and provides project management services for managing and developing real estate projects. It serves retail clients, middle-income groups, and high-net worth individuals. The company markets its projects under the Kolte-Patil and 24K brands. Kolte-Patil Developers Limited was founded in 1970 and is based in Pune, India.",10.165,0.079239994,NA,NA,98.241,73.46938,3.1742532,38309801984,-0.0774,-0.0723,0.3914,0.233
Puravankara,PURVA.NS,Real Estate,Real Estate - Development,"Puravankara Limited, together with its subsidiaries, designs, develops, constructs, and markets residential and commercial properties in India. The company was founded in 1975 and is headquartered in Bengaluru, India.",0.618,0.03945,NA,NA,315.044,31.684444,2.8403146,50719199232,-0.2122,0.9813,0.5366,0.334
NBCC India,NBCC.NS,Industrials,Engineering & Construction,"NBCC (India) Limited engages in project management consultancy, engineering procurement and construction, and real estate development businesses in India and internationally. The company operates through three segments: PMC; EPC; and Real Estate. It offers services for various civil construction projects, including residential and commercial complexes, re-development of old government colonies, education and medical institutions, infrastructure project roads, water supply systems, storm water systems, and water storage solutions. The company executes various projects, which include high-rise chimneys, cooling towers, coal handling plants, etc.; project conceptualization, feasibility studies, detailed project reports, tender specifications and various packages, basic and detailed engineering, review of projects, procurement, construction, drawings, commissioning & testing, and handing it over. In addition, the company undertakes real estate projects, which include residential and commercial projects, such as corporate office buildings and commercial complexes; develops real estate projects including residential, commercial and institutional projects. Further, it is also involved in the development of integrated steel plants; post-construction maintenance services; consultancy services in healthcare and related social sectors; designs and constructs the India Pavilion; and construction and redevelopment projects. The company was formerly known as National Buildings Construction Corporation Limited and changed its name to NBCC (India) Limited in May 2016. The company was incorporated in 1960 and is headquartered in New Delhi, India.",-0.059,0.05691,NA,NA,0.008,30.802973,7.44809,223721996288,-0.2335,1.2068,0.4673,0.666
NTPC Ltd,NTPC.NS,Utilities,Utilities - Regulated Electric,"NTPC Limited operates as an integrated power company in India and Mauritius. It operates through two segments: Generation and Others. The company generates power from fossil fuels, hydro, solar, wind, nuclear, and renewable energy sources. It also engages in the coal mining and energy trading business. NTPC Limited was incorporated in 1975 and is based in New Delhi, India.",0.078,0.14531,NA,NA,128.345,9.969476,1.5593667,3166931255296,-0.0148,0.4732,0.2543,0.287
Power Grid Corporation,POWERGRID.NS,Utilities,Utilities - Regulated Electric,"Power Grid Corporation of India Limited, an electric power transmission utility, engages in the power transmission business in India and internationally. It operates in three segments: Transmission Services, Telecom Services, and Consultancy Services. As of 31 March 2026, the company owned and operated 184,960 circuit kilometers of transmission lines, and 291 substations with an aggregate transformation capacity of 624,016 mega volt amperes. It also provides telecom services that offer overhead optic fiber network services using optical ground wire on power transmission lines under the POWERTEL brand name, as well as lease lines, MPLS-VPN, data, infrastructure, and international long-distance services. In addition, it provides consultancy services; environmental and social studies; design and engineering; contract/procurement services; project management and construction supervision; capacity building; operation and maintenance; asset management; owners and lenders engineer services; preparation of grid code, tariff mechanisms, and market analysis; legal and technical advisory in power transmission; power system studies/DPR preparation; smart grid and EV charging; load despatch and communication; sub-transmission/distribution/rural electrification services; testing and quality assurance and inspection; energy efficiency; capacity building; owners and lenders' engineer; operation and maintenance; and preventive vigilance; and oil testing laboratory services, as well as human resource development. Further, it operates electric vehicle charging stations; and engages in solar power generation, smart metering solutions, battery energy storage system, and green hydrogen production. The company was formerly known as National Power Transmission Corporation Limited and changed its name to Power Grid Corporation of India Limited in October 1992. The company was incorporated in 1989 and is based in Gurugram, India.",0.027,0.33797002,NA,NA,150.813,13.038219,2.4941926,2506512662528,-0.0211,0.5076,0.2526,0.156
Tata Power,TATAPOWER.NS,Utilities,Utilities - Independent Power Producers,"The Tata Power Company Limited engages in the generation, transmission, distribution, and trading of electricity in India and internationally. It operates through four segments: Thermal & Hydro, Transmission & Distribution, Renewables, and Others. The company generates power from hydroelectric and thermal sources, such as coal, gas, and oil; and provides related ancillary services. It also engages in the operation of transmission and distribution networks; and sale of power to retail customers through distribution networks. In addition, the company offers project management contracts and infrastructure management, and property development services, as well as rents oil tanks. Further, it is involved in the generation of power from renewable energy sources, such as wind and solar; rooftop solar projects; electric vehicle charging stations; manufactures solar cells and modules; engineering, procurement, and construction; home automation solutions; and maintenance services. Additionally, the company trades in power and coal; generates and distributes power; hydro pump storage, coal mining, trading, shipping, and related infra business; and provides smart meter, consultancy, networking solution, shipping and coal handling, logistics, and equipment business and related services, as well as infrastructure for electric vehicles. As of March 31, 2026, the company had an installed generation capacity of 16,716 megawatt. The Tata Power Company Limited was founded in 1915 and is based in Mumbai, India.",0.056,0.060890004,NA,NA,168.051,30.447392,2.9746728,1174287286272,-0.042,0.4546,0.2858,0.324
Adani Power,ADANIPOWER.NS,Utilities,Utilities - Independent Power Producers,"Adani Power Limited engages in the generation, transmission, and sale of electricity under long term power purchase agreements (PPAs), supplemental PPAs, medium and short term PPAs, and on merchant basis in India. The company generates electricity through thermal energy sources through various power projects with a combined installed and commissioned capacity of 18,150 megawatt (MW). It also operates various coal based power plants comprising 4,620 MW at Mundra, Gujarat; 3,300 MW at Tiroda, Maharashtra; 1,320 MW at Kawai, Rajasthan; 1,200 MW at Udupi, Karnataka; 600 MW at Raigarh and Korba, Chhattisgarh; 1,370 MW at Raipur, Chhattisgarh; 1,200 MW at Mahan, Madhya Pradesh; 1,200 MW at Mutiara, Tamil Nadu; 1,600 MW at Mirzapur, Uttar Pradesh; 500 MW at Dahanu, Maharashtra; and 1600 MW at Godda, Jharkhand. The company also operates solar based power plant comprising 40 MW at Bitta, Gujarat. In addition, it engages in coal import and supply/trading business. Adani Power Limited was founded in 1988 and is headquartered in Ahmedabad, India.",0.34,0.24148001,NA,NA,82.332,27.033333,6.0211444,3909971869696,0.3607,1.6597,0.4408,0.455
Torrent Power,TORNTPOWER.NS,Utilities,Utilities - Independent Power Producers,"Torrent Power Limited, together with its subsidiaries, engages in the generation, renewables, and transmission and distribution of electricity in India. The company owns thermal power plants with a generation capacity of 6,092 megawatts; renewable with a generation capacity of 5,952 megawatts peak; pumped storage project (PSP) develops 3,000 megawatts / 18,000 megawatt-hour PSP project; explores and evaluates various opportunities for supply of green hydrogen and green ammonia; and operates 952 ckm 400 kV and 388 ckm of 220 kV transmission line projects, including Khavda and Solapur projects. It also distributes electricity in the cities of Ahmedabad, Gandhinagar, Surat, Dahej, Dholera, Mandal Bechraji, Dadra and Nagar Haveli, and Daman and Diu covering an area of 2,050 square kilometers; and operates as a franchisee for electricity distribution in the cities of Bhiwandi, Agra, and Shil-Mumbra-Kalwa covering an area of approximately 1,007 square kilometers. In addition, the company is involved in the manufacture and supply of power cables and ancillary services; generates power from renewable energy sources comprising wind and solar; and trading of regassified liquified natural gas. The company was incorporated in 2004 and is based in Ahmedabad, India. Torrent Power Limited is a subsidiary of Torrent Investments Limited.",0.028,0.079629995,NA,NA,70.885,27.179375,3.3142166,632197414912,-0.0023,0.8049,0.3727,0.626
NHPC Ltd,NHPC.NS,Utilities,Utilities - Renewable,"NHPC Limited, together with its subsidiaries, engages in the generation, sale, and trading of electricity through hydro, wind, and solar power stations in India and Nepal. It also owns and operates power stations. In addition, the company offers consultancy, project execution, and maintenance services in the areas of design and engineering; geotechnical investigations; renovation and modernization of hydropower projects; procurement; project management and supervision; construction management; and operation and maintenance of power plants, rural road projects, and rural electrification projects. The company supplies electricity to various distribution companies, including state electricity distribution companies, state power departments, and private distribution companies. It exports its products and services. NHPC Limited was incorporated in 1975 and is based in Faridabad, India.",0.185,0.31094998,NA,NA,113.111,27.941175,1.8469466,763422638080,-0.1023,0.5539,0.3382,0.183
SJVN Ltd,SJVN.NS,Utilities,Utilities - Renewable,"SJVN Limited, together with its subsidiaries, engages in the generation and sale of electricity in India and internationally. The company is also involved in thermal power, hydro power, wind power, solar power, and power trading and transmission businesses. The company operates the Nathpa Jhakri Hydro Power Station (NJHPS) with a capacity of 1500 MW located in Shimla District; the Arun-3 Hydro Electric Projec with a capacity of 900 MW, located on River Arun in District Sankhuwasabha of Eastern Nepal; the Rampur Hydro Power Station with an installed capacity of 412 MW in Shimla and Kullu District in Himachal Pradesh; and the Naitwar Mori Hydro Power Station with a capacity of 60 MW located in Uttarkashi district in Uttarakhand state. It also operates the Khirvire Wind Power Project with a capacity of 47.6 MW in Ahmednagar, Maharashtra; and the Sadla Wind Power Project with an installed capacity of 50 MW in Surendranagar District in Gujarat, as well as Buxar Thermal Power Project with a capacity of 1320 MW located in Village Chausa, Distt Buxar, Bihar. In addition, the company operates the Charanka Solar Power Station with a capacity of 5.6 MW in Patan district in Gujarat; 1 MW solar power plant at Wadhal and 310 KW solar power plant at Surge Shaft of NJHPS; Parasan Solar Power Station with a capacity of 75 MW in Jalaun District; Gurhah Solar Power Station with a capacity of 75 MW; Gujrai Solar Power Station with a capacity of 50 MW; Raghanesda Solar Power Station with a capacity of 100 MW; and 90 MW Floating Solar Project located in Omkareshwar, Madhya Pradesh. Further, it provides consultancy services, as well as undertakes contracts, project management services, and power trading. The company was formerly known as Satluj Jal Vidyut Nigam Limited and changed its name to SJVN Limited in September 2009. SJVN Limited was incorporated in 1988 and is based in Shimla, India.",0.52,0.12771,NA,NA,226.528,35.090908,1.7057475,242704138240,-0.3126,-0.062,0.4349,0.466
CESC Ltd,CESC.NS,Utilities,Utilities - Regulated Electric,"CESC Limited, an integrated electrical utility company, engages in the generation and distribution of electricity in India. It owns and operates two thermal power plants, including Budge Budge generating station with a generating capacity of 750 megawatts and Southern generating stations with a generating capacity of 135 megawatts; a 40-megawatt atmospheric fluidized bed combustion power plant in Asansol, West Bengal; a 300-megawatt solar project in Bhadla, Rajasthan; and a 450-megawatt hybrid project that consists of a 150-megawatt solar unit in Bikaner, Rajasthan and a 300-megawatt wind unit in Ananthapuram, Andhra Pradesh. The company serves domestic, industrial, commercial, government agencies, pumping stations, local bodies, schools etc. CESC Limited was founded in 1899 and is headquartered in Kolkata, India.",0.054,0.08243,NA,NA,164.311,11.923274,1.4804074,185394282496,-0.1036,0.752,0.3567,0.367
JSW Energy,JSWENERGY.NS,Utilities,Utilities - Independent Power Producers,"JSW Energy Limited generates and sells power in India. It has a power generation capacity of 10,875 MW, which includes 5,658MW of thermal, 1,391 MW of hydro, 1,671 of Wind, and 680 MW of solar. The company has operations in the States of Karnataka, Punjab, Maharashtra, Tamil Nadu, Himachal Pradesh, Odisha, Andhra Pradesh, Telangana, Madhya Pradesh, Chhattisgarh, Gujarat, and Rajasthan. The company engages in power transmission and trading activities; and coal mining in South Africa. JSW Energy Limited was incorporated in 1994 and is based in Mumbai, India.",0.012,0.10373,NA,NA,229.16,40.01185,2.892852,928188530688,-0.0385,0.2156,0.381,0.122
Adani Green Energy,ADANIGREEN.NS,Utilities,Utilities - Renewable,"Adani Green Energy Limited generates and supplies renewable energy to central and state government entities and government backed corporations in India. The company develops, builds, owns, operates, and maintains power plants through renewable sources, such as solar, wind, and hybrid. It operates solar power plants with an operational capacity of 10,103 megawatts (MW); wind power plants with an operational capacity of 2,140 MW; and hybrid power plants with an operational capacity of 2,140 MW. Adani Green Energy Limited was incorporated in 2015 and is headquartered in Ahmedabad, India.",0.166,0.13095,NA,NA,346.548,121.97554,11.071642,2135728586752,0.2011,0.279,0.4917,1.056
Adani Energy Solutions,ADANIENSOL.NS,Utilities,Utilities - Independent Power Producers,"Adani Energy Solutions Limited, together with its subsidiaries, generates, transmits, and distributes power in India. It operates through the Transmission; Distribution; Smart Meter; Trading; and Others segments. The company is involved in the establishment, commission, setting up, operation, and maintenance of electric power transmission systems; development, ownership, and operation of transmission lines; trade of bullion and other commodities; and laying of optical ground wire fibers on transmission lines to telecom solutions to telecom companies, internet service providers, and long-distance communication operators. It also provides electricity meters to optimize real-time insights of electricity usage. The company was formerly known as Adani Transmission Limited and changed its name to Adani Energy Solutions Limited in July 2023. The company was incorporated in 2013 and is headquartered in Ahmedabad, India. Adani Energy Solutions Limited operates as a subsidiary of S.B. Adani Family Trust.",0.424,0.095769994,NA,NA,194.5,55.241436,6.3235226,1636924653568,0.4969,0.6119,0.4815,0.652
Reliance Power,RPOWER.NS,Utilities,Utilities - Independent Power Producers,"Reliance Power Limited, together with its subsidiaries, engages in the development, construction, and operation of power plants in India and internationally. Its portfolio of power projects is based on coal, gas, hydro, wind, and solar energy. The company owns and operates Sasan ultra mega power project, a coal-based power plant with a capacity of 3,960 megawatts; Rosa coal-based power project, with a capacity of 1,200; Samalkot power project, a gas-based power plant; a gas-based power plant; concentrated solar power project, a solar thermal installations with a capacity of 100 megawatts; Wind power project with a capacity of 100 megawatts; Renewable energy projects, a renewable energy portfolio through large-scale solar and battery energy storage projects; and Ultra Mega power project, a coal-based power plant with a capacity of 3,960 megawatts. Reliance Power Limited was incorporated in 1995 and is based in Mumbai, India.",0.038,-0.041199997,NA,NA,92.348,NA,0.5304007,85072805888,-0.5529,0.0855,0.5308,0.827
PTC India,PTC.NS,Utilities,Utilities - Independent Power Producers,"PTC India Limited, together with its subsidiaries, engages in the trading and generating power in India, Nepal, Bhutan, and Bangladesh. The company operates through two segments, Power and Financing Business. It engages in long term, medium term, and short-term power trading activities; and cross border power trading business. The company provides financing solutions to the energy value chain, including investing in equity or extending debt to power projects in generation, transmission, distribution, fuel resources, and fuel related infrastructure, as well as consultancy and advisory services. It serves its products to state distribution and private distribution companies, corporates, and entities trading power on power exchanges. The company was formerly known as Power Trading Corporation of India Ltd and changed its name to PTC India Limited. PTC India Limited was incorporated in 1999 and is based in New Delhi, India.",0.191,0.029000001,NA,NA,25.059,9.074898,0.76730883,45907931136,0.05,0.4657,0.4016,0.66
KEC International,KEC.NS,Industrials,Engineering & Construction,"KEC International Limited engages in the engineering, procurement, and construction (EPC) business. It designs, manufactures, supplies, and erects transmission lines on turnkey basis; executes gas insulated transmission lines; undertakes EPC projects of high voltage electrical switching and distribution substations, as well as transmission lines in oil field areas; and turnkey solutions for railway contracts. The company also provides civil engineering solutions for transportation; urban infrastructure; industrial; residential and defense; commercial, public space, and datacenters; water; and international projects. In addition, it is involved in the provision of solar EPC services for large solar PV projects and PV solutions for industrial and commercial consumers; and design and engineering, project execution and management, bid management, and project feasibility analysis for large-scale solar photovoltaic power plants, as well as roof-top solar PV projects. Further, the company undertakes the construction of oil and gas / slurry pipelines and composite mechanical, civil, electrical, and instrumentation work in hydrocarbon facilities. The company manufactures and exports power cables, including EHV, HT and LV, telecom and optical fiber cables, control and instrumentation cables, and railway cables and conductors; special-purpose cables, such as cathodic protection, concentric, flat submersible, electric vehicle charging, hybrid, and green cables; and provides turnkey cabling solutions. KEC International Limited was founded in 1945 and is headquartered in Mumbai, India. KEC International Limited is a subsidiary of RPG Enterprises Limited.",0.0,0.02355,NA,NA,87.306,19.084135,1.7154797,105668091904,-0.5469,-0.3848,0.3969,0.062
Gujarat Industries Power,GIPCL.NS,Utilities,Utilities - Regulated Electric,"Gujarat Industries Power Company Limited engages in the generation, transmission, and distribution of electricity to power purchasing companies in India. The company generates power through gas, lignite, wind, and solar power plants with combined installed capacity of 1859.40 MW, as well as engages in the development of hybrid renewable energy parks. The company was incorporated in 1985 and is based in Vadodara, India.",0.344,0.31061,NA,NA,93.592,5.735802,0.75104773,28845328384,0.0148,0.4425,0.4408,0.432
Indian Energy Exchange,IEX.NS,Financial Services,Capital Markets,"Indian Energy Exchange Limited provides automated trading platform for physical delivery of electricity, renewable energy, and certificates. The company offers Day-Ahead Market, a physical electricity trading market which allows market participants to buy and sell electricity for the next day; Term-Ahead-Market that provides a range of products allowing participants to buy and sell electricity on intra-day, and term ahead contracts; Real-Time Market, an auction session every half an hour with power to be delivered after 4 time blocks or an hour after gate closure of the auction; Green Day-Ahead Market that allows market participants to buy and sell renewable electricity for the next day; Cross-Border Electricity Trade expands the Indian power market towards building an integrated South Asian power market; High Price Day Ahead Market, a part of integrated day ahead market allows market participants to buy and sell electricity for the next day to be traded are determined through a double-sided closed auction bidding process; and Green-Term Ahead Market, a market solution for renewable energy trading which features contracts, including Green-Intraday, Green-Day-ahead Contingency, Green-Daily, and Green-Weekly. It also provides renewable energy and energy saving certificates. The company was incorporated in 2007 and is based in Noida, India.",0.101,0.66222,NA,NA,0.818,19.498268,7.391618,100224139264,-0.1714,-0.0871,0.4011,0.341
SBI Life Insurance,SBILIFE.NS,Financial Services,Insurance - Life,"SBI Life Insurance Company Limited operates as a life insurance company in India. The company's life insurance business comprises individual and group life insurance products, including participating, non-participating, pension, group gratuity, group leave encashment, group superannuation, group annuity, unit-linked and variable insurance products, health, and micro insurance. It also provides accident and disability benefits, level terms, and critical illness insurance products. In addition, the company offers online life insurance, money back income, terms, protection, savings, child plan, wealth, and retirement plans; and corporate solutions, group loan protection, and group micro insurance plans. It provides its products through a multi-channel distribution network comprising individual agents, brokers, corporate agents, bancassurance partners, and certified insurance facilitators, as well as through various partner branches. The company was incorporated in 2000 and is based in Mumbai, India. SBI Life Insurance Company Limited is a subsidiary of State Bank of India.",0.188,0.021389998,0.13703,0.00349,NA,67.0774,8.680746,1747931627520,-0.0328,0.363,0.2225,0.351
HDFC Life Insurance,HDFCLIFE.NS,Financial Services,Insurance - Life,"HDFC Life Insurance Company Limited engages in the provision of individual and group insurance solutions in India. It offers insurance and investment products, such as protection, pension, savings, investment, annuity, and health, as well as term, investment, life insurance, and NRI plans. The company was formerly known as HDFC Standard Life Insurance Company Limited changed its name to HDFC Life Insurance Company Limited in January 2019. HDFC Life Insurance Company Limited was incorporated in 2000 and is headquartered in Mumbai, India. HDFC Life Insurance Company Limited operates as a subsidiary of HDFC Bank Limited.",0.143,0.019,0.10828,0.00377,15.885,57.467533,5.9130087,1153358102528,-0.3035,-0.165,0.2319,0.499
ICICI Prudential Life,ICICIPRULI.NS,Financial Services,Insurance - Life,"ICICI Life Insurance Limited provides life insurance, annuity, pension, and health insurance products to individuals and groups in India. The company offers term, savings, unit linked, guaranteed return, child education, and retirement insurance plans; and pension fund management services. It distributes its products through individual and corporate agents, banks, and brokers, as well as through proprietary sales force (PSF) and online channels. The company was formerly known as ICICI Prudential Life Insurance Company Limited and change its name to ICICI Life Insurance Limited in September 2026. The company was incorporated in 2000 and is based in Mumbai, India. ICICI Life Insurance Limited is a subsidiary of ICICI Bank Limited.",0.125,0.02555,0.12571,0.0034400001,18.052,39.879414,4.922652,671712083968,-0.2188,-0.1914,0.2537,0.47
ICICI Lombard General Insurance,ICICIGI.NS,Financial Services,Insurance - Diversified,"ICICI Lombard General Insurance Company Limited provides various general insurance products and services in India. The company primarily offers fire, marine, cargo, engineering, aviation, public/product liability, employee group, workmen's compensation, cyber, personal accident, and travel insurance solutions. It also provides credit, crop, cattle, weather, mass health, and motor, as well as home insurance solutions. In addition, the company offers underwriting and claims, customer relationship, technology, operations, finance and accounts, human resources, , actuarial, marketing, business analytics, administration, and fraud control, as well as reinsurance solutions. It serves its customers comprising individuals, corporates, state and central governments, government-owned enterprises, and rural customers, as well as micro, small, and medium enterprises through agents, brokers, bancassurance, motor insurance service providers, and online platforms. The company was incorporated in 2000 and is based in Mumbai, India. ICICI Lombard General Insurance Company Limited operates as a subsidiary of ICICI Bank Limited.",0.109,0.08764,0.1463,0.026500002,NA,32.572327,4.5501533,776251441152,-0.1685,0.2057,0.2433,0.445
New India Assurance,NIACL.NS,Financial Services,Insurance - Diversified,"The New India Assurance Company Limited, together with its subsidiaries, engages in the general insurance industry in India and internationally. The company offers motor, health, travel, rural, credit, engineering, aviation, personal accident, liability, marine hull, fire, marine cargo, and miscellaneous insurances, as well as rural micro products, such as cattle, sheep, goat, pig, and agriculture pumpset Sukshma Bima policies. It also provides reinsurance, bancassurance, state insurance plan, and parametric insurances. The New India Assurance Company Limited was incorporated in 1919 and is headquartered in Mumbai, India.",0.015,0.0148599995,NA,NA,NA,38.643326,0.75512683,291036823552,-0.085,0.293,0.5129,1.111
General Insurance Corporation of India,GICRE.NS,Financial Services,Insurance - Reinsurance,"General Insurance Corporation of India engages in the provision of reinsurance services in India and internationally. It provides property, energy, marine, engineering, liability, spares, health, agriculture/weather, motor and workmen compensation, aviation, life, marine hull, cargo and offshore energy, credit, and miscellaneous products. The company was incorporated in 1972 and is headquartered in Mumbai, India.",-0.008,0.16819,0.091079995,0.03032,NA,6.7017474,0.5995342,592110026752,-0.0265,0.6329,0.4015,0.334
Star Health and Allied Insurance,STARHEALTH.NS,Financial Services,Insurance - Life,"Star Health and Allied Insurance Company Limited provides health insurance products in India. It offers retail health insurance products for individuals and families; group health insurance products for employer/employee and non-employer/employee groups, including small-to-medium enterprises; and personal accident and travel insurance products. The company also provides star women care insurance policy that provides surrogacy and oocyte donor covers; and star special care product that covers children diagnosed with autism and for outpatient specialized treatments. In addition, it offers star health assure insurance policy, star cancer care platinum insurance policy, senior citizens health insurance policy, and star cardiac care insurance policy  platinum, as well as star group OPD care insurance product. The company offers its products through web aggregators, digital channels, agency channels, corporate agents, brokers, point of salesperson, insurance marketing firms, and various other channels. Star Health and Allied Insurance Company was incorporated in 2005 and is based in Chennai, India.",14.078,0.03619,0.07507,0.025309999,NA,48.534786,3.2384307,328417443840,0.2243,-0.0397,0.2456,0.187
Life Insurance Corporation of India,LICI.NS,Financial Services,Insurance - Life,"Life Insurance Corporation of India provides life insurance products in India, Fiji, Mauritius, and the United Kingdom. The company offers insurance plans, including endowment, whole life, term insurance, money back, and term assurance plans, as well as riders comprising accidental death and disability benefit, critical illness benefit, and premium waiver benefit riders. It also provides pension, unit linked, micro insurance, withdrawn, and health plans, as well as various group schemes. The company was incorporated in 1956 and is based in Mumbai, India.",0.068,0.06515,NA,NA,0.431,8.5468025,2.9299688,5174480338944,-0.0573,0.3242,0.3045,0.539
Go Digit General Insurance,GODIGIT.NS,Financial Services,Insurance - Property & Casualty,"Go Digit General Insurance Limited provides various insurance products and services in India. It offers car, bike, and commercial vehicle insurance; health and property insurance; fire, marine cargo and hull, travel, miscellaneous, and business insurance; and workmen's compensation, public/product liability, engineering, aviation, personal accident, crop, and other insurance. The company was formerly known as Oben General Insurance Limited and changed its name to Go Digit General Insurance Limited in June 2017. The company was incorporated in 2016 and is based in Bengaluru, India. Go Digit General Insurance Limited operates as a subsidiary of Go Digit Infoworks Services Private Limited.",0.086,0.04828,NA,NA,7.469,47.5985,5.0053267,234545397760,-0.2968,-0.182,0.3359,0.23
Medi Assist Healthcare Services,MEDIASSIST.NS,Healthcare,Healthcare Plans,"Medi Assist Healthcare Services Limited, together with its subsidiaries, provides third-party administration services for health insurance claims in India and internationally. The company offers MAtrix, a claims administration platform; MAven, a fraud, waste, and abuse prevention platform; MAven IDP, an intelligent document processing platform; MAven Insights, an analytics and decision intelligence platform; MAven Global, a global benefits administration platform; and Network-as-a-Service platform, which provides access to a healthcare provider network. It also provides business support, health management, consultancy, contact center support, and other allied services related to the healthcare and health insurance sector. The company was incorporated in 2000 and is headquartered in Bengaluru, India.",0.241,0.098000005,NA,NA,6.382,25.224764,2.7799025,23893383168,-0.381,-0.3013,0.3878,1.081
